date,cash_eod,option_mv_eod,etf_mv_eod,equity_eod,realized_pnl_cum,unrealized_pnl_eod,daily_pnl,total_pnl_cum,drawdown,equity_curve,daily_return,cum_return,drawdown_pct,rolling_sharpe_60d,benchmark_price,benchmark_shares,benchmark_cash,benchmark_equity,benchmark_return,benchmark_daily_return,excess_equity,excess_return,excess_daily_return
2023-01-03,500.0,-250.0,0.0,250.0,500.0,-250.0,250.0,250.0,0.0,1000250.0,0.00025,0.00025,0.0,0.0,2.289,436871,2.280999999959022,1000000.0,0.0,0.0,250.0,0.00025,0.00025
2023-01-04,500.0,-250.0,0.0,250.0,500.0,-250.0,0.0,250.0,0.0,1000250.0,0.0,0.00025,0.0,0.0,2.267,436871,2.280999999959022,990388.8379999999,-0.009611162000000117,-0.009611162000000117,9861.162000000128,0.009861162000000118,0.009611162000000117
2023-01-05,500.0,-150.0,0.0,350.0,500.0,-150.0,100.0,350.0,0.0,1000350.0,0.0001,0.00035,0.0,0.0,2.33,436871,2.280999999959022,1017911.711,0.017911710999999997,0.027789966873596805,-17561.71100000001,-0.017561710999999997,-0.027689966873596806
2023-01-06,500.0,-150.0,0.0,350.0,500.0,-150.0,0.0,350.0,0.0,1000350.0,0.0,0.00035,0.0,0.0,2.35,436871,2.280999999959022,1026649.131,0.026649131000000104,0.008583671752254718,-26299.131000000052,-0.026299131000000104,-0.008583671752254718
2023-01-09,500.0,-200.0,0.0,300.0,500.0,-200.0,-50.0,300.0,-50.0,1000300.0,-5e-05,0.0003,-5e-05,0.0,2.365,436871,2.280999999959022,1033202.196,0.03320219599999996,0.006382964541758351,-32902.195999999996,-0.03290219599999996,-0.006432964541758351
2023-01-10,500.0,-150.0,0.0,350.0,500.0,-150.0,50.0,350.0,0.0,1000350.0,5e-05,0.00035,0.0,0.0,2.401,436871,2.280999999959022,1048929.552,0.04892955199999993,0.015221953709436242,-48579.55199999991,-0.04857955199999993,-0.015171953709436243
2023-01-11,500.0,-150.0,0.0,350.0,500.0,-150.0,0.0,350.0,0.0,1000350.0,0.0,0.00035,0.0,0.0,2.374,436871,2.280999999959022,1037134.035,0.03713403500000001,-0.011245289998274233,-36784.03500000003,-0.03678403500000001,0.011245289998274233
2023-01-12,500.0,-100.0,0.0,400.0,500.0,-100.0,50.0,400.0,0.0,1000400.0,5e-05,0.0004,0.0,0.0,2.382,436871,2.280999999959022,1040629.003,0.04062900300000005,0.0033698325212130342,-40229.003000000026,-0.040229003000000055,-0.003319832521213034
2023-01-13,500.0,-100.0,0.0,400.0,500.0,-100.0,0.0,400.0,0.0,1000400.0,0.0,0.0004,0.0,0.0,2.417,436871,2.280999999959022,1055919.488,0.055919487999999795,0.014693502637269651,-55519.487999999896,-0.0555194879999998,-0.014693502637269651
2023-01-16,500.0,-50.0,0.0,450.0,500.0,-50.0,50.0,450.0,0.0,1000450.0,5e-05,0.00045,0.0,0.0,2.462,436871,2.280999999959022,1075578.683,0.07557868300000004,0.018618081419480514,-75128.68299999996,-0.07512868300000003,-0.018568081419480513
2023-01-17,500.0,-50.0,0.0,450.0,500.0,-50.0,0.0,450.0,0.0,1000450.0,0.0,0.00045,0.0,0.0,2.47,436871,2.280999999959022,1079073.651,0.07907365100000008,0.0032493838481921777,-78623.65100000007,-0.07862365100000007,-0.0032493838481921777
2023-01-18,500.0,-50.0,0.0,450.0,500.0,-50.0,0.0,450.0,0.0,1000450.0,0.0,0.00045,0.0,0.0,2.468,436871,2.280999999959022,1078199.909,0.07819990900000007,-0.000809714887570756,-77749.90899999999,-0.07774990900000006,0.000809714887570756
2023-01-19,500.0,-50.0,0.0,450.0,500.0,-50.0,0.0,450.0,0.0,1000450.0,0.0,0.00045,0.0,0.0,2.496,436871,2.280999999959022,1090432.297,0.090432297,0.011345194799121439,-89982.29700000002,-0.08998229699999999,-0.011345194799121439
2023-01-20,500.0,-50.0,0.0,450.0,500.0,-50.0,0.0,450.0,0.0,1000450.0,0.0,0.00045,0.0,0.0,2.507,436871,2.280999999959022,1095237.878,0.09523787800000005,0.004407042063245159,-94787.87800000003,-0.09478787800000005,-0.004407042063245159
2023-01-30,500.0,0.0,0.0,500.0,500.0,0.0,50.0,500.0,0.0,1000500.0,5e-05,0.0005,0.0,0.0,2.533,436871,2.280999999959022,1106596.524,0.10659652399999997,0.010370939709227311,-106096.52399999998,-0.10609652399999997,-0.010320939709227312
2023-01-31,950.0,-450.0,0.0,500.0,950.0,-450.0,0.0,500.0,0.0,1000500.0,0.0,0.0005,0.0,0.0,2.507,436871,2.280999999959022,1095237.878,0.09523787800000005,-0.010264487329981864,-94737.87800000003,-0.09473787800000005,0.010264487329981864
2023-02-01,950.0,-269.99999999999994,0.0,680.0,950.0,-269.99999999999994,180.0,680.0,0.0,1000680.0,0.00018,0.00068,0.0,0.0,2.537,436871,2.280999999959022,1108344.008,0.10834400799999999,0.011966468895262095,-107664.00799999991,-0.10766400799999999,-0.011786468895262095
2023-02-02,950.0,-269.99999999999994,0.0,680.0,950.0,-269.99999999999994,0.0,680.0,0.0,1000680.0,0.0,0.00068,0.0,0.0,2.524,436871,2.280999999959022,1102664.685,0.10266468500000014,-0.005124151850875447,-101984.68500000006,-0.10198468500000014,0.005124151850875447
2023-02-03,950.0,-360.00000000000006,0.0,590.0,950.0,-360.00000000000006,-90.0,590.0,-90.0,1000590.0,-9e-05,0.00059,-9e-05,0.0,2.5,436871,2.280999999959022,1092179.781,0.09217978100000002,-0.009508696653325877,-91589.78099999996,-0.09158978100000002,0.009418696653325877
2023-02-06,950.0,-450.0,0.0,500.0,950.0,-450.0,-90.0,500.0,-180.0,1000500.0,-9e-05,0.0005,-0.00018,5.100153006885345,2.468,436871,2.280999999959022,1078199.909,0.07819990900000007,-0.012799973267404785,-77699.90899999999,-0.07769990900000007,0.012709973267404785
2023-02-07,950.0,-405.0,0.0,545.0,950.0,-405.0,45.0,545.0,-135.0,1000545.0,4.5e-05,0.000545,-0.000135,5.416678149885962,2.461,436871,2.280999999959022,1075141.812,0.07514181199999981,-0.002836298699780415,-74596.81199999992,-0.0745968119999998,0.002881298699780415
2023-02-08,950.0,-315.0,0.0,635.0,950.0,-315.0,90.0,635.0,-45.0,1000635.0,9e-05,0.000635,-4.5e-05,6.069037073062686,2.447,436871,2.280999999959022,1069025.618,0.06902561799999996,-0.005688732343710479,-68390.61800000002,-0.06839061799999996,0.0057787323437104784
2023-02-09,950.0,-90.00000000000001,0.0,860.0,950.0,-90.00000000000001,225.0,860.0,0.0,1000860.0,0.000225,0.00086,0.0,7.06835103852271,2.493,436871,2.280999999959022,1089121.684,0.08912168399999998,0.018798488700015215,-88261.68399999989,-0.08826168399999998,-0.018573488700015215
2023-02-10,950.0,-134.99999999999997,0.0,815.0,950.0,-134.99999999999997,-45.0,815.0,-45.0,1000815.0,-4.5e-05,0.000815,-4.5e-05,6.429779176052044,2.465,436871,2.280999999959022,1076889.2959999999,0.07688929599999983,-0.011231424531990108,-76074.29599999986,-0.07607429599999983,0.011186424531990109
2023-02-13,950.0,-90.00000000000001,0.0,860.0,950.0,-90.00000000000001,45.0,860.0,0.0,1000860.0,4.5e-05,0.00086,0.0,6.645412047382734,2.495,436871,2.280999999959022,1089995.426,0.08999542599999999,0.01217035961698354,-89135.42599999998,-0.08913542599999999,-0.01212535961698354
2023-02-14,950.0,-90.00000000000001,0.0,860.0,950.0,-90.00000000000001,0.0,860.0,0.0,1000860.0,0.0,0.00086,0.0,6.494512379489562,2.49,436871,2.280999999959022,1087811.071,0.08781107099999996,-0.002004003822305922,-86951.071,-0.08695107099999996,0.002004003822305922
2023-02-15,950.0,-90.00000000000001,0.0,860.0,950.0,-90.00000000000001,0.0,860.0,0.0,1000860.0,0.0,0.00086,0.0,6.353446513154292,2.468,436871,2.280999999959022,1078199.909,0.07819990900000007,-0.008835322838886661,-77339.90899999999,-0.07733990900000007,0.008835322838886661
2023-02-16,950.0,-134.99999999999997,0.0,815.0,950.0,-134.99999999999997,-45.0,815.0,-45.0,1000815.0,-4.5e-05,0.000815,-4.5e-05,5.816440597001838,2.436,436871,2.280999999959022,1064220.037,0.06422003700000012,-0.012965936913281628,-63405.03700000001,-0.06340503700000012,0.012920936913281628
2023-02-17,950.0,-269.99999999999994,0.0,680.0,950.0,-269.99999999999994,-135.0,680.0,-180.0,1000680.0,-0.000135,0.00068,-0.00018,4.452231815759567,2.378,436871,2.280999999959022,1038881.519,0.03888151900000003,-0.02380947277729184,-38201.51899999997,-0.03820151900000003,0.02367447277729184
2023-02-20,950.0,-90.00000000000001,0.0,860.0,950.0,-90.00000000000001,180.0,860.0,0.0,1000860.0,0.00018,0.00086,0.0,5.238453342783573,2.403,436871,2.280999999959022,1049803.294,0.04980329399999994,0.010513013082100953,-48943.293999999994,-0.04894329399999994,-0.010333013082100953
2023-02-21,950.0,-45.00000000000001,0.0,905.0,950.0,-45.00000000000001,45.0,905.0,0.0,1000905.0,4.5e-05,0.000905,0.0,5.419828011396107,2.395,436871,2.280999999959022,1046308.326,0.0463083259999999,-0.003329164634913062,-45403.326,-0.0454033259999999,0.003374164634913062
2023-02-22,950.0,0.0,0.0,950.0,950.0,0.0,45.0,950.0,0.0,1000950.0,4.5e-05,0.00095,0.0,5.596733521969689,2.377,436871,2.280999999959022,1038444.6479999998,0.038444647999999804,-0.007515641235564585,-37494.64799999981,-0.037494647999999804,0.007560641235564585
2023-02-23,1250.0,-300.0,0.0,950.0,1250.0,-300.0,0.0,950.0,0.0,1000950.0,0.0,0.00095,0.0,5.5009318970827215,2.385,436871,2.280999999959022,1041939.6159999999,0.041939615999999846,0.003365579481517056,-40989.61599999992,-0.04098961599999985,-0.003365579481517056
2023-02-24,1250.0,-349.99999999999994,0.0,900.0,1250.0,-349.99999999999994,-50.0,900.0,-50.0,1000900.0,-5e-05,0.0009,-5e-05,5.067606943008796,2.357,436871,2.280999999959022,1029707.228,0.02970722799999992,-0.011740016227581362,-28807.228000000003,-0.028807227999999917,0.011690016227581363
2023-02-27,1250.0,-300.0,0.0,950.0,1250.0,-300.0,50.0,950.0,0.0,1000950.0,5e-05,0.00095,0.0,5.266116586670096,2.34,436871,2.280999999959022,1022280.4209999999,0.022280420999999828,-0.007212542359661955,-21330.420999999857,-0.02133042099999983,0.007262542359661955
2023-02-28,1250.0,-200.0,0.0,1050.0,1250.0,-200.0,100.0,1050.0,0.0,1001050.0,0.0001,0.00105,0.0,5.676860576664718,2.359,436871,2.280999999959022,1030580.97,0.03058096999999993,0.008119640002378636,-29530.969999999972,-0.02953096999999993,-0.008019640002378637
2023-03-01,1250.0,-150.0,0.0,1100.0,1250.0,-150.0,50.0,1100.0,0.0,1001100.0,5e-05,0.0011,0.0,5.861103842140108,2.372,436871,2.280999999959022,1036260.293,0.036260293,0.005510797467956241,-35160.29299999995,-0.035160293,-0.005460797467956241
2023-03-02,1250.0,-150.0,0.0,1100.0,1250.0,-150.0,0.0,1100.0,0.0,1001100.0,0.0,0.0011,0.0,5.773124039481233,2.347,436871,2.280999999959022,1025338.5179999999,0.025338517999999866,-0.010539605805392038,-24238.517999999924,-0.024238517999999865,0.010539605805392038
2023-03-03,1250.0,-100.0,0.0,1150.0,1250.0,-100.0,50.0,1150.0,0.0,1001150.0,5e-05,0.00115,0.0,5.952321620647283,2.352,436871,2.280999999959022,1027522.8729999999,0.027522872999999892,0.0021303744681910874,-26372.872999999905,-0.026372872999999894,-0.0020803744681910873
2023-03-06,1250.0,-100.0,0.0,1150.0,1250.0,-100.0,0.0,1150.0,0.0,1001150.0,0.0,0.00115,0.0,5.867144518935378,2.361,436871,2.280999999959022,1031454.712,0.03145471200000016,0.0038265221177224973,-30304.712000000058,-0.030304712000000164,-0.0038265221177224973
2023-03-07,1250.0,-100.0,0.0,1150.0,1250.0,-100.0,0.0,1150.0,0.0,1001150.0,0.0,0.00115,0.0,5.7855224180952085,2.312,436871,2.280999999959022,1010048.0329999999,0.0100480329999999,-0.02075387193538758,-8898.032999999938,-0.0088980329999999,0.02075387193538758
2023-03-08,1250.0,-200.0,0.0,1050.0,1250.0,-200.0,-100.0,1050.0,-100.0,1001050.0,-0.0001,0.00105,-0.0001,5.0552290681077094,2.308,436871,2.280999999959022,1008300.5489999999,0.00830054899999988,-0.0017300998991204297,-7250.548999999883,-0.00725054899999988,0.0016300998991204297
2023-03-09,1250.0,-100.0,0.0,1150.0,1250.0,-100.0,100.0,1150.0,0.0,1001150.0,0.0001,0.00115,0.0,5.4147573744422886,2.303,436871,2.280999999959022,1006116.1939999999,0.006116193999999853,-0.002166372915462955,-4966.193999999901,-0.004966193999999853,0.002266372915462955
2023-03-10,1250.0,-100.0,0.0,1150.0,1250.0,-100.0,0.0,1150.0,0.0,1001150.0,0.0,0.00115,0.0,5.345809201787652,2.3,436871,2.280999999959022,1004805.5809999999,0.004805580999999837,-0.0013026457657832058,-3655.580999999889,-0.0036555809999998367,0.0013026457657832058
2023-03-13,1250.0,-100.0,0.0,1150.0,1250.0,-100.0,0.0,1150.0,0.0,1001150.0,0.0,0.00115,0.0,5.27942951596575,2.287,436871,2.280999999959022,999126.2579999999,-0.0008737420000001217,-0.005652161082094875,2023.7420000000857,0.0020237420000001217,0.005652161082094875
2023-03-14,1250.0,-50.0,0.0,1200.0,1250.0,-50.0,50.0,1200.0,0.0,1001200.0,5e-05,0.0012,0.0,5.442777273728062,2.276,436871,2.280999999959022,994320.6769999999,-0.005679323000000069,-0.004809783509863497,6879.323000000091,0.006879323000000069,0.004859783509863496
2023-03-15,1250.0,-50.0,0.0,1200.0,1250.0,-50.0,0.0,1200.0,0.0,1001200.0,0.0,0.0012,0.0,5.377842836404584,2.268,436871,2.280999999959022,990825.7089999999,-0.009174291000000112,-0.00351493042520723,10374.291000000085,0.010374291000000112,0.00351493042520723
2023-03-16,1250.0,-100.0,0.0,1150.0,1250.0,-100.0,-50.0,1150.0,-50.0,1001150.0,-5e-05,0.00115,-5e-05,5.047264434388245,2.233,436871,2.280999999959022,975535.224,-0.024464775999999966,-0.015432063238883797,25614.775999999954,0.025614775999999964,0.015382063238883798
2023-03-17,1250.0,-50.0,0.0,1200.0,1250.0,-50.0,50.0,1200.0,0.0,1001200.0,5e-05,0.0012,0.0,5.206350432503603,2.228,436871,2.280999999959022,973350.8690000001,-0.02664913099999988,-0.0022391349346089218,27849.130999999936,0.02784913099999988,0.002289134934608922
2023-03-20,1250.0,-50.0,0.0,1200.0,1250.0,-50.0,0.0,1200.0,0.0,1001200.0,0.0,0.0012,0.0,5.148489037747312,2.226,436871,2.280999999959022,972477.127,-0.027522873000000003,-0.0008976639645863482,28722.87300000002,0.028722873000000003,0.0008976639645863482
2023-03-21,1250.0,-50.0,0.0,1200.0,1250.0,-50.0,0.0,1200.0,0.0,1001200.0,0.0,0.0012,0.0,5.092514881371383,2.265,436871,2.280999999959022,989515.096,-0.010484904000000017,0.017520174538768307,11684.90399999998,0.011684904000000017,-0.017520174538768307
2023-03-22,1250.0,0.0,0.0,1250.0,1250.0,0.0,50.0,1250.0,0.0,1001250.0,5e-05,0.00125,0.0,5.246881655508337,2.27,436871,2.280999999959022,991699.451,-0.00830054899999999,0.0022075004300894374,9550.548999999999,0.00955054899999999,-0.0021575004300894373
2023-03-23,2498.0,-480.0,0.0,2018.0,2498.0,-480.0,768.0,2018.0,0.0,1002018.0,0.000768,0.002018,0.0,4.8650080862810166,2.288,436871,2.280999999959022,999563.1289999998,-0.00043687100000011636,0.00792949717988689,2454.8710000001593,0.002454871000000116,-0.007161497179886891
2023-03-24,2498.0,-336.0,0.0,2162.0,2498.0,-336.0,144.0,2162.0,0.0,1002162.0,0.000144,0.002162,0.0,5.129270961378331,2.297,436871,2.280999999959022,1003494.968,0.0034949680000000427,0.003933557457179937,-1332.9679999999935,-0.0013329680000000428,-0.003789557457179937
2023-03-27,2498.0,-288.0,0.0,2210.0,2498.0,-288.0,48.0,2210.0,0.0,1002210.0,4.8e-05,0.00221,0.0,5.195070631000157,2.323,436871,2.280999999959022,1014853.614,0.01485361399999996,0.011319086156095226,-12643.613999999943,-0.01264361399999996,-0.011271086156095227
2023-03-28,2498.0,-336.0,0.0,2162.0,2498.0,-336.0,-48.0,2162.0,-48.0,1002162.0,-4.8e-05,0.002162,-4.8e-05,5.013618423154171,2.298,436871,2.280999999959022,1003931.8389999999,0.003931838999999826,-0.01076192157108491,-1769.83899999992,-0.0017698389999998261,0.01071392157108491
2023-03-29,2498.0,-288.0,0.0,2210.0,2498.0,-288.0,48.0,2210.0,0.0,1002210.0,4.8e-05,0.00221,0.0,5.0795115919310785,2.297,436871,2.280999999959022,1003494.968,0.0034949680000000427,-0.00043516002085863814,-1284.9679999999935,-0.0012849680000000425,0.0004831600208586381
2023-03-30,2498.0,-240.0,0.0,2258.0,2498.0,-240.0,48.0,2258.0,0.0,1002258.0,4.8e-05,0.002258,0.0,5.144644109180275,2.313,436871,2.280999999959022,1010484.904,0.010484903999999906,0.006965591480673883,-8226.90399999998,-0.008226903999999906,-0.0069175914806738825
2023-03-31,2498.0,-288.0,0.0,2210.0,2498.0,-288.0,-48.0,2210.0,-48.0,1002210.0,-4.8e-05,0.00221,-4.8e-05,4.970416412122128,2.327,436871,2.280999999959022,1016601.098,0.01660109799999998,0.006052731689299984,-14391.097999999998,-0.01439109799999998,-0.006100731689299984
2023-04-03,2498.0,-192.00000000000003,0.0,2306.0,2498.0,-192.00000000000003,96.0,2306.0,0.0,1002306.0,9.6e-05,0.002306,0.0,5.132692548507641,2.366,436871,2.280999999959022,1033639.067,0.03363906699999997,0.016759738931543033,-31333.06700000004,-0.031333066999999964,-0.016663738931543035
2023-04-04,2498.0,-240.0,0.0,2258.0,2498.0,-240.0,-48.0,2258.0,-48.0,1002258.0,-4.8e-05,0.002258,-4.8e-05,4.57524525383599,2.35,436871,2.280999999959022,1026649.131,0.026649131000000104,-0.006762453377741728,-24391.131000000052,-0.024391131000000104,0.006714453377741728
2023-04-06,2498.0,-144.0,0.0,2354.0,2498.0,-144.0,96.0,2354.0,0.0,1002354.0,9.6e-05,0.002354,0.0,4.786188523799801,2.354,436871,2.280999999959022,1028396.615,0.028396614999999903,0.0017021238778021086,-26042.61499999999,-0.0260426149999999,-0.0016061238778021087
2023-04-07,2498.0,-192.00000000000003,0.0,2306.0,2498.0,-192.00000000000003,-48.0,2306.0,-48.0,1002306.0,-4.8e-05,0.002306,-4.8e-05,4.443175401576607,2.369,436871,2.280999999959022,1034949.68,0.03494967999999998,0.006372118406865912,-32643.68000000005,-0.03264367999999998,-0.006420118406865912
2023-04-10,2498.0,-192.00000000000003,0.0,2306.0,2498.0,-192.00000000000003,0.0,2306.0,-48.0,1002306.0,0.0,0.002306,-4.8e-05,4.443175401576607,2.368,436871,2.280999999959022,1034512.8089999999,0.03451280899999998,-0.00042211810723025156,-32206.808999999892,-0.032206808999999975,0.00042211810723025156
2023-04-11,2498.0,-144.0,0.0,2354.0,2498.0,-144.0,48.0,2354.0,0.0,1002354.0,4.8e-05,0.002354,0.0,4.685243409945137,2.362,436871,2.280999999959022,1031891.583,0.031891582999999946,-0.002533778197037151,-29537.582999999984,-0.029537582999999944,0.0025817781970371508
2023-04-12,2498.0,-144.0,0.0,2354.0,2498.0,-144.0,0.0,2354.0,0.0,1002354.0,0.0,0.002354,0.0,4.568697341425086,2.353,436871,2.280999999959022,1027959.7440000001,0.02795974400000012,-0.003810321805871264,-25605.744000000064,-0.025605744000000118,0.003810321805871264
2023-04-13,2498.0,-144.0,0.0,2354.0,2498.0,-144.0,0.0,2354.0,0.0,1002354.0,0.0,0.002354,0.0,4.568697341425086,2.332,436871,2.280999999959022,1018785.4529999999,0.018785452999999785,-0.008924757076868794,-16431.452999999863,-0.016431452999999784,0.008924757076868794
2023-04-14,2498.0,-96.00000000000001,0.0,2402.0,2498.0,-96.00000000000001,48.0,2402.0,0.0,1002402.0,4.8e-05,0.002402,0.0,4.564314181003889,2.355,436871,2.280999999959022,1028833.4859999999,0.028833485999999908,0.009862756648528759,-26431.485999999917,-0.026431485999999907,-0.00981475664852876
2023-04-17,2498.0,-48.00000000000001,0.0,2450.0,2498.0,-48.00000000000001,48.0,2450.0,0.0,1002450.0,4.8e-05,0.00245,0.0,4.676462255105283,2.364,436871,2.280999999959022,1032765.325,0.032765324999999956,0.003821647578061027,-30315.324999999953,-0.030315324999999956,-0.003773647578061027
2023-04-18,2498.0,-48.00000000000001,0.0,2450.0,2498.0,-48.00000000000001,0.0,2450.0,0.0,1002450.0,0.0,0.00245,0.0,4.559931064786068,2.354,436871,2.280999999959022,1028396.615,0.028396614999999903,-0.004230109100535451,-25946.61499999999,-0.025946614999999902,0.004230109100535451
2023-04-19,2498.0,-48.00000000000001,0.0,2450.0,2498.0,-48.00000000000001,0.0,2450.0,0.0,1002450.0,0.0,0.00245,0.0,4.559931064786068,2.339,436871,2.280999999959022,1021843.5499999999,0.021843549999999823,-0.006372118406865912,-19393.54999999993,-0.019393549999999822,0.006372118406865912
2023-04-20,2498.0,-48.00000000000001,0.0,2450.0,2498.0,-48.00000000000001,0.0,2450.0,0.0,1002450.0,0.0,0.00245,0.0,4.559931064786068,2.314,436871,2.280999999959022,1010921.775,0.010921775000000133,-0.010688304486533129,-8471.775000000023,-0.008471775000000133,0.010688304486533129
2023-04-21,2498.0,-96.00000000000001,0.0,2402.0,2498.0,-96.00000000000001,-48.0,2402.0,-48.0,1002402.0,-4.8e-05,0.002402,-4.8e-05,4.4355156570688274,2.269,436871,2.280999999959022,991262.58,-0.008737419999999996,-0.019446801410524683,11139.420000000042,0.011139419999999995,0.019398801410524684
2023-04-24,2498.0,-48.00000000000001,0.0,2450.0,2498.0,-48.00000000000001,48.0,2450.0,0.0,1002450.0,4.8e-05,0.00245,0.0,4.5469832879057925,2.234,436871,2.280999999959022,975972.095,-0.02402790500000007,-0.015425261992639716,26477.905000000028,0.026477905000000072,0.015473261992639716
2023-04-25,2498.0,-48.00000000000001,0.0,2450.0,2498.0,-48.00000000000001,0.0,2450.0,0.0,1002450.0,0.0,0.00245,0.0,4.431150660329008,2.193,436871,2.280999999959022,958060.384,-0.04193961600000007,-0.018352687634988207,44389.61600000004,0.04438961600000007,0.018352687634988207
2023-04-26,2498.0,0.0,0.0,2498.0,2498.0,0.0,48.0,2498.0,0.0,1002498.0,4.8e-05,0.002498,0.0,4.542611660281325,2.226,436871,2.280999999959022,972477.127,-0.027522873000000003,0.01504784379018842,30020.87300000002,0.030020873000000003,-0.01499984379018842
2023-04-27,3698.0,-500.0,0.0,3198.0,3698.0,-500.0,700.0,3198.0,0.0,1003198.0,0.0007,0.003198,0.0,4.651106623069324,2.24,436871,2.280999999959022,978593.321,-0.02140667900000004,0.00628929342417317,24604.679000000004,0.02460467900000004,-0.00558929342417317
2023-04-28,3698.0,-450.0,0.0,3248.0,3698.0,-450.0,50.0,3248.0,0.0,1003248.0,5e-05,0.003248,0.0,4.74681660807242,2.255,436871,2.280999999959022,985146.3859999999,-0.01485361400000007,0.006696412962744924,18101.61400000006,0.01810161400000007,-0.0066464129627449246
2023-05-04,3698.0,-349.99999999999994,0.0,3348.0,3698.0,-349.99999999999994,100.0,3348.0,0.0,1003348.0,0.0001,0.003348,0.0,5.129341849036969,2.23,436871,2.280999999959022,974224.6109999999,-0.025775389000000093,-0.011086448831574947,29123.389000000083,0.029123389000000093,0.011186448831574946
2023-05-05,3698.0,-450.0,0.0,3248.0,3698.0,-450.0,-100.0,3248.0,-100.0,1003248.0,-0.0001,0.003248,-0.0001,5.104824448067933,2.202,436871,2.280999999959022,961992.223,-0.03800777700000002,-0.012556024413552747,41255.777,0.04125577700000002,0.012456024413552747
2023-05-08,3698.0,-300.0,0.0,3398.0,3698.0,-300.0,150.0,3398.0,0.0,1003398.0,0.00015,0.003398,0.0,5.276790841505867,2.213,436871,2.280999999959022,966797.804,-0.03320219599999996,0.0049954468290955845,36600.195999999996,0.03660019599999996,-0.0048454468290955845
2023-05-09,3698.0,-650.0,0.0,3048.0,3698.0,-650.0,-350.0,3048.0,-350.0,1003048.0,-0.00035,0.003048,-0.00035,4.208432089020526,2.18,436871,2.280999999959022,952381.061,-0.04761893900000003,-0.01491184913779553,50666.93900000001,0.05066693900000003,0.01456184913779553
2023-05-10,3698.0,-300.0,0.0,3398.0,3698.0,-300.0,350.0,3398.0,0.0,1003398.0,0.00035,0.003398,0.0,4.330947816069478,2.199,436871,2.280999999959022,960681.6099999999,-0.03931839000000015,0.008715575455988445,42716.39000000013,0.042716390000000146,-0.008365575455988445
2023-05-11,3698.0,-200.0,0.0,3498.0,3698.0,-200.0,100.0,3498.0,0.0,1003498.0,0.0001,0.003498,0.0,4.585767795329381,2.211,436871,2.280999999959022,965924.0619999999,-0.03407593800000008,0.005457012963951735,37573.93800000008,0.037573938000000084,-0.005357012963951735
2023-05-12,3698.0,-200.0,0.0,3498.0,3698.0,-200.0,0.0,3498.0,0.0,1003498.0,0.0,0.003498,0.0,4.505774754223836,2.185,436871,2.280999999959022,954565.416,-0.045434584,-0.011759357124286995,48932.58400000003,0.048932584,0.011759357124286995
2023-05-15,3698.0,-50.0,0.0,3648.0,3698.0,-50.0,150.0,3648.0,0.0,1003648.0,0.00015,0.003648,0.0,4.747270009454117,2.234,436871,2.280999999959022,975972.095,-0.02402790500000007,0.02242557570302761,27675.905000000028,0.02767590500000007,-0.02227557570302761
2023-05-16,3698.0,-50.0,0.0,3648.0,3698.0,-50.0,0.0,3648.0,0.0,1003648.0,0.0,0.003648,0.0,4.747270009454117,2.228,436871,2.280999999959022,973350.8690000001,-0.02664913099999988,-0.0026857591660957025,30297.130999999936,0.03029713099999988,0.0026857591660957025
2023-05-17,3698.0,-50.0,0.0,3648.0,3698.0,-50.0,0.0,3648.0,0.0,1003648.0,0.0,0.003648,0.0,4.834318508759076,2.229,436871,2.280999999959022,973787.74,-0.026212259999999987,0.0004488319822930631,29860.26000000001,0.029860259999999986,-0.0004488319822930631
2023-05-18,3698.0,-50.0,0.0,3648.0,3698.0,-50.0,0.0,3648.0,0.0,1003648.0,0.0,0.003648,0.0,5.120509727603117,2.215,436871,2.280999999959022,967671.5459999999,-0.03232845400000017,-0.006280828715301112,35976.45400000014,0.03597645400000017,0.006280828715301112
2023-05-19,3698.0,-50.0,0.0,3648.0,3698.0,-50.0,0.0,3648.0,0.0,1003648.0,0.0,0.003648,0.0,4.835966361033779,2.215,436871,2.280999999959022,967671.5459999999,-0.03232845400000017,0.0,35976.45400000014,0.03597645400000017,0.0
2023-05-22,3698.0,-50.0,0.0,3648.0,3698.0,-50.0,0.0,3648.0,0.0,1003648.0,0.0,0.003648,0.0,4.754296650884211,2.214,436871,2.280999999959022,967234.6749999999,-0.03276532500000007,-0.00045146620442215735,36413.32500000007,0.036413325000000066,0.00045146620442215735
2023-05-23,3698.0,-50.0,0.0,3648.0,3698.0,-50.0,0.0,3648.0,0.0,1003648.0,0.0,0.003648,0.0,4.672866253436898,2.187,436871,2.280999999959022,955439.1579999999,-0.0445608420000001,-0.01219509319183576,48208.84200000006,0.0482088420000001,0.01219509319183576
2023-05-24,3698.0,0.0,0.0,3698.0,3698.0,0.0,50.0,3698.0,0.0,1003698.0,5e-05,0.003698,0.0,4.762933218697424,2.183,436871,2.280999999959022,953691.6739999999,-0.04630832600000012,-0.001828985116810622,50006.32600000012,0.05000632600000012,0.0018789851168106218
2023-05-25,6098.0,-1699.9999999999998,0.0,4398.0,6098.0,-1699.9999999999998,700.0,4398.0,0.0,1004398.0,0.0007,0.004398,0.0,5.332170451733419,2.184,436871,2.280999999959022,954128.545,-0.045871455000000005,0.00045808410821890355,50269.45499999996,0.050269455000000005,0.00024191589178109644
2023-05-26,6098.0,-1800.0,0.0,4298.0,6098.0,-1800.0,-100.0,4298.0,-100.0,1004298.0,-0.0001,0.004298,-0.0001,5.069118840827321,2.167,436871,2.280999999959022,946701.7379999999,-0.053298262000000096,-0.0077838641752407955,57596.262000000104,0.05759626200000009,0.007683864175240795
2023-05-29,6098.0,-2550.0,0.0,3548.0,6098.0,-2550.0,-750.0,3548.0,-850.0,1003548.0,-0.00075,0.003548,-0.00085,3.2590680795447327,2.143,436871,2.280999999959022,936216.8339999999,-0.06378316600000011,-0.011075192512216558,67331.16600000008,0.06733116600000011,0.010325192512216558
2023-05-30,6098.0,-1750.0000000000002,0.0,4348.0,6098.0,-1750.0000000000002,800.0,4348.0,-50.0,1004348.0,0.0008,0.004348,-5e-05,3.8220463175967048,2.155,436871,2.280999999959022,941459.2859999998,-0.05854071400000016,0.005599613048615559,62888.71400000015,0.06288871400000016,-0.004799613048615559
2023-05-31,6098.0,-3300.0,0.0,2798.0,6098.0,-3300.0,-1550.0,2798.0,-1600.0,1002798.0,-0.00155,0.002798,-0.0016,1.4753414864937864,2.131,436871,2.280999999959022,930974.3819999999,-0.06902561800000018,-0.011136863968432942,71823.61800000013,0.07182361800000017,0.009586863968432943
2023-06-01,6098.0,-2150.0,0.0,3948.0,6098.0,-2150.0,1150.0,3948.0,-450.0,1003948.0,0.00115,0.003948,-0.00045,2.198807043569606,2.148,436871,2.280999999959022,938401.189,-0.061598810999999976,0.007977455817898216,65546.81099999999,0.06554681099999998,-0.006827455817898216
2023-06-02,6098.0,-1200.0,0.0,4898.0,6098.0,-1200.0,950.0,4898.0,0.0,1004898.0,0.00095,0.004898,0.0,2.7862661883806426,2.175,436871,2.280999999959022,950196.7059999999,-0.049803294000000164,0.012569801848364648,54701.29400000011,0.054701294000000164,-0.011619801848364648
2023-06-05,6098.0,-1650.0,0.0,4448.0,6098.0,-1650.0,-450.0,4448.0,-450.0,1004448.0,-0.00045,0.004448,-0.00045,2.4115577694842814,2.143,436871,2.280999999959022,936216.8339999999,-0.06378316600000011,-0.014712608359642054,68231.16600000008,0.0682311660000001,0.014262608359642054
2023-06-06,6098.0,-4550.0,0.0,1548.0,6098.0,-4550.0,-2900.0,1548.0,-3350.0,1001548.0,-0.0029,0.001548,-0.00335,0.25177040025382347,2.106,436871,2.280999999959022,920052.607,-0.07994739300000009,-0.017265473566564715,81495.39300000004,0.08149539300000008,0.014365473566564715
2023-06-07,6098.0,-6400.0,0.0,-302.0,6098.0,-6400.0,-1850.0,-302.0,-5200.0,999698.0,-0.00185,-0.000302,-0.0052,-0.6685090835450118,2.075,436871,2.280999999959022,906509.606,-0.09349039399999992,-0.014719811559644747,93188.39399999997,0.09318839399999992,0.012869811559644746
2023-06-08,6098.0,-5850.0,0.0,248.0,6098.0,-5850.0,550.0,248.0,-4650.0,1000248.0,0.00055,0.000248,-0.00465,-0.4119308006894999,2.071,436871,2.280999999959022,904762.1220000001,-0.09523787799999994,-0.0019277059927812479,95485.87799999991,0.09548587799999994,0.002477705992781248
2023-06-09,6098.0,-3500.0000000000005,0.0,2597.9999999999995,6098.0,-3500.0000000000005,2349.9999999999995,2597.9999999999995,-2300.0000000000005,1002598.0,0.0023499999999999997,0.0025979999999999996,-0.0023000000000000004,0.5860608017962361,2.086,436871,2.280999999959022,911315.1869999999,-0.08868481300000008,0.007242859576740646,91282.81300000008,0.09128281300000009,-0.004892859576740646
2023-06-12,6098.0,-2400.0,0.0,3698.0,6098.0,-2400.0,1100.0000000000005,3698.0,-1200.0,1003698.0,0.0011000000000000005,0.003698,-0.0012,0.9893102754896431,2.095,436871,2.280999999959022,915247.0260000001,-0.08475297399999993,0.004314466669806727,88450.97399999993,0.08845097399999993,-0.0032144666698067266
2023-06-13,6098.0,-1100.0,0.0,4998.0,6098.0,-1100.0,1300.0,4998.0,0.0,1004998.0,0.0013,0.004998,0.0,1.462340200071499,2.111,436871,2.280999999959022,922236.962,-0.07776303799999995,0.007637212469893351,82761.03799999994,0.08276103799999995,-0.006337212469893351
2023-06-14,6098.0,-1150.0,0.0,4948.0,6098.0,-1150.0,-50.0,4948.0,-50.0,1004948.0,-5e-05,0.004948,-5e-05,1.462340200071499,2.106,436871,2.280999999959022,920052.607,-0.07994739300000009,-0.002368539854727847,84895.39300000004,0.08489539300000008,0.0023185398547278468
2023-06-15,6098.0,-400.0,0.0,5698.0,6098.0,-400.0,750.0,5698.0,0.0,1005698.0,0.00075,0.005698,0.0,1.717873801642766,2.179,436871,2.280999999959022,951944.1899999998,-0.04805581000000014,0.03466278205980866,53753.81000000017,0.053753810000000145,-0.03391278205980866
2023-06-16,6098.0,-150.0,0.0,5948.0,6098.0,-150.0,250.0,5948.0,0.0,1005948.0,0.00025,0.005948,0.0,1.8125992138044342,2.208,436871,2.280999999959022,964613.449,-0.03538655099999999,0.013308825383975709,41334.55099999998,0.04133455099999999,-0.013058825383975708
2023-06-19,6098.0,-100.0,0.0,5998.0,6098.0,-100.0,50.0,5998.0,0.0,1005998.0,5e-05,0.005998,0.0,1.8318606272268534,2.207,436871,2.280999999959022,964176.5779999999,-0.035823422000000105,-0.0004528974797656238,41821.42200000014,0.04182142200000011,0.0005028974797656238
2023-06-20,6098.0,-100.0,0.0,5998.0,6098.0,-100.0,0.0,5998.0,0.0,1005998.0,0.0,0.005998,0.0,1.8125992138044342,2.21,436871,2.280999999959022,965487.191,-0.03451280899999998,0.0013593080664942025,40510.80900000001,0.04051080899999998,-0.0013593080664942025
2023-06-21,6098.0,-100.0,0.0,5998.0,6098.0,-100.0,0.0,5998.0,0.0,1005998.0,0.0,0.005998,0.0,1.5321698989758425,2.156,436871,2.280999999959022,941896.157,-0.058103843000000044,-0.02443433141310314,64101.84299999999,0.06410184300000005,0.02443433141310314
2023-06-26,6098.0,-100.0,0.0,5998.0,6098.0,-100.0,0.0,5998.0,0.0,1005998.0,0.0,0.005998,0.0,1.4767861328163132,2.133,436871,2.280999999959022,931848.124,-0.06815187600000006,-0.010667877690470395,74149.87600000005,0.07414987600000006,0.010667877690470395
2023-06-27,6098.0,-50.0,0.0,6048.0,6098.0,-50.0,50.0,6048.0,0.0,1006048.0,5e-05,0.006048,0.0,1.477557653298183,2.138,436871,2.280999999959022,934032.4789999999,-0.06596752100000003,0.002344110530183352,72015.52100000007,0.07201552100000003,-0.002294110530183352
2023-06-28,6098.0,0.0,0.0,6098.0,6098.0,0.0,50.0,6098.0,0.0,1006098.0,5e-05,0.006098,0.0,1.515620155894352,2.126,436871,2.280999999959022,928790.0269999999,-0.07120997300000009,-0.0056127084634280955,77307.97300000011,0.0773079730000001,0.005662708463428095
2023-06-29,6422.0,-162.0,0.0,6260.0,6422.0,-162.0,162.0,6260.0,0.0,1006260.0,0.000162,0.00626,0.0,1.5592764160879506,2.129,436871,2.280999999959022,930100.64,-0.06989935999999997,0.0014110971930150207,76159.35999999999,0.07615935999999997,-0.0012490971930150206
2023-06-30,6422.0,-108.0,0.0,6314.0,6422.0,-108.0,54.0,6314.0,0.0,1006314.0,5.4e-05,0.006314,0.0,1.5615919279582653,2.164,436871,2.280999999959022,945391.125,-0.054608875,0.016439602707939205,60922.875,0.060922875,-0.016385602707939206
2023-07-03,6422.0,-54.0,0.0,6368.0,6422.0,-54.0,54.0,6368.0,0.0,1006368.0,5.4e-05,0.006368,0.0,1.6012400487432104,2.171,436871,2.280999999959022,948449.2219999998,-0.051550778000000186,0.003234742657437062,57918.778000000166,0.057918778000000185,-0.003180742657437062
2023-07-04,6422.0,-54.0,0.0,6368.0,6422.0,-54.0,0.0,6368.0,0.0,1006368.0,0.0,0.006368,0.0,1.5641618923430485,2.174,436871,2.280999999959022,949759.835,-0.05024016500000006,0.0013818483579293162,56608.16500000004,0.05660816500000006,-0.0013818483579293162
2023-07-05,6422.0,-54.0,0.0,6368.0,6422.0,-54.0,0.0,6368.0,0.0,1006368.0,0.0,0.006368,0.0,1.5828924118258185,2.156,436871,2.280999999959022,941896.157,-0.058103843000000044,-0.008279648928299799,64471.84299999999,0.06447184300000004,0.008279648928299799
2023-07-06,6422.0,-54.0,0.0,6368.0,6422.0,-54.0,0.0,6368.0,0.0,1006368.0,0.0,0.006368,0.0,1.5458165016963634,2.137,436871,2.280999999959022,933595.608,-0.06640439200000003,-0.008812594613866742,72772.39199999999,0.07277239200000003,0.008812594613866742
2023-07-07,6422.0,-54.0,0.0,6368.0,6422.0,-54.0,0.0,6368.0,0.0,1006368.0,0.0,0.006368,0.0,1.564543729958149,2.118,436871,2.280999999959022,925295.0589999999,-0.07470494100000014,-0.00889094692484893,81072.94100000011,0.08107294100000013,0.00889094692484893
2023-07-10,6422.0,-54.0,0.0,6368.0,6422.0,-54.0,0.0,6368.0,0.0,1006368.0,0.0,0.006368,0.0,1.564543729958149,2.145,436871,2.280999999959022,937090.576,-0.06290942399999999,0.012747843928560432,69277.424,0.06927742399999999,-0.012747843928560432
2023-07-11,6422.0,-54.0,0.0,6368.0,6422.0,-54.0,0.0,6368.0,0.0,1006368.0,0.0,0.006368,0.0,1.5459422798654654,2.161,436871,2.280999999959022,944080.512,-0.05591948800000002,0.00745918930252909,62287.48800000001,0.062287488000000016,-0.00745918930252909
2023-07-12,6422.0,-54.0,0.0,6368.0,6422.0,-54.0,0.0,6368.0,0.0,1006368.0,0.0,0.006368,0.0,1.5459422798654654,2.139,436871,2.280999999959022,934469.3499999999,-0.06553065000000013,-0.010180447406587412,71898.65000000014,0.07189865000000013,0.010180447406587412
2023-07-13,6422.0,-54.0,0.0,6368.0,6422.0,-54.0,0.0,6368.0,0.0,1006368.0,0.0,0.006368,0.0,1.5459422798654654,2.182,436871,2.280999999959022,953254.803,-0.046745197000000016,0.020102802729699,53113.197000000044,0.053113197000000015,-0.020102802729699
2023-07-14,6422.0,-54.0,0.0,6368.0,6422.0,-54.0,0.0,6368.0,0.0,1006368.0,0.0,0.006368,0.0,1.527345639728012,2.169,436871,2.280999999959022,947575.48,-0.052424519999999974,-0.005957822590692996,58792.52000000002,0.05879251999999997,0.005957822590692996
2023-07-17,6422.0,-54.0,0.0,6368.0,6422.0,-54.0,0.0,6368.0,0.0,1006368.0,0.0,0.006368,0.0,1.5087537321177227,2.152,436871,2.280999999959022,940148.6730000001,-0.059851326999999954,-0.007837694364991266,66219.32699999993,0.06621932699999995,0.007837694364991266
2023-07-18,6422.0,-54.0,0.0,6368.0,6422.0,-54.0,0.0,6368.0,0.0,1006368.0,0.0,0.006368,0.0,1.5087537321177227,2.147,436871,2.280999999959022,937964.3179999999,-0.06203568200000009,-0.0023234144372399346,68403.68200000015,0.06840368200000009,0.0023234144372399346
2023-07-19,6422.0,-54.0,0.0,6368.0,6422.0,-54.0,0.0,6368.0,0.0,1006368.0,0.0,0.006368,0.0,1.5087537321177227,2.125,436871,2.280999999959022,928353.156,-0.07164684399999999,-0.010246831159306358,78014.84400000004,0.07801484399999999,0.010246831159306358
2023-07-20,6422.0,-54.0,0.0,6368.0,6422.0,-54.0,0.0,6368.0,0.0,1006368.0,0.0,0.006368,0.0,1.5087537321177227,2.103,436871,2.280999999959022,918741.9940000001,-0.08125800599999988,-0.01035291573888919,87626.00599999994,0.08762600599999988,0.01035291573888919
2023-07-21,6422.0,-54.0,0.0,6368.0,6422.0,-54.0,0.0,6368.0,0.0,1006368.0,0.0,0.006368,0.0,1.52746991729921,2.11,436871,2.280999999959022,921800.0909999999,-0.07819990900000007,0.0033285699575846817,84567.9090000001,0.08456790900000007,-0.0033285699575846817
2023-07-24,6422.0,-54.0,0.0,6368.0,6422.0,-54.0,0.0,6368.0,0.0,1006368.0,0.0,0.006368,0.0,1.5088764795426377,2.09,436871,2.280999999959022,913062.6709999999,-0.08693732900000017,-0.009478649530747396,93305.32900000014,0.09330532900000017,0.009478649530747396
2023-07-25,6422.0,-54.0,0.0,6368.0,6422.0,-54.0,0.0,6368.0,0.0,1006368.0,0.0,0.006368,0.0,1.5088764795426377,2.136,436871,2.280999999959022,933158.737,-0.06684126300000004,0.02200951439400156,73209.26300000004,0.07320926300000004,-0.02200951439400156
2023-07-26,6422.0,0.0,0.0,6422.0,6422.0,0.0,54.0,6422.0,0.0,1006422.0,5.4e-05,0.006422,0.0,1.5111917579304148,2.135,436871,2.280999999959022,932721.8659999999,-0.06727813400000004,-0.0004681636496320918,73700.13400000008,0.07370013400000004,0.0005221636496320918
2023-07-27,6578.0,-260.0,0.0,6318.0,6578.0,-260.0,-104.0,6318.0,-104.0,1006318.0,-0.000104,0.006318,-0.000104,1.209806832855646,2.129,436871,2.280999999959022,930100.64,-0.06989935999999997,-0.002810297576962717,76217.35999999999,0.07621735999999997,0.002706297576962717
2023-07-28,6578.0,-156.0,0.0,6422.0,6578.0,-156.0,104.0,6422.0,0.0,1006422.0,0.000104,0.006422,0.0,1.2306873914283722,2.163,436871,2.280999999959022,944954.2539999998,-0.05504574600000012,0.015969899773426555,61467.74600000016,0.061467746000000115,-0.015865899773426555
2023-07-31,6578.0,-104.00000000000001,0.0,6474.0,6578.0,-104.00000000000001,52.0,6474.0,0.0,1006474.0,5.2e-05,0.006474,0.0,1.2121248056668532,2.182,436871,2.280999999959022,953254.803,-0.046745197000000016,0.008784074959040433,53219.197000000044,0.05321919700000002,-0.008732074959040433
2023-08-01,6578.0,-52.00000000000001,0.0,6526.0,6578.0,-52.00000000000001,52.0,6526.0,0.0,1006526.0,5.2e-05,0.006526,0.0,1.2715991305526162,2.168,436871,2.280999999959022,947138.609,-0.05286139099999998,-0.006416116636130842,59387.390999999945,0.05938739099999998,0.006468116636130842
2023-08-02,6578.0,-52.00000000000001,0.0,6526.0,6578.0,-52.00000000000001,0.0,6526.0,0.0,1006526.0,0.0,0.006526,0.0,1.2135522436789923,2.164,436871,2.280999999959022,945391.125,-0.054608875,-0.0018450140068148047,61134.875,0.061134875,0.0018450140068148047
2023-08-03,6578.0,-52.00000000000001,0.0,6526.0,6578.0,-52.00000000000001,0.0,6526.0,0.0,1006526.0,0.0,0.006526,0.0,1.3532502229350307,2.187,436871,2.280999999959022,955439.1579999999,-0.0445608420000001,0.010628440160150632,51086.84200000006,0.0510868420000001,-0.010628440160150632
2023-08-04,6578.0,-52.00000000000001,0.0,6526.0,6578.0,-52.00000000000001,0.0,6526.0,0.0,1006526.0,0.0,0.006526,0.0,1.2189151496516608,2.204,436871,2.280999999959022,962865.9650000001,-0.0371340349999999,0.007773186746445004,43660.034999999916,0.043660034999999896,-0.007773186746445004
2023-08-07,6578.0,-52.00000000000001,0.0,6526.0,6578.0,-52.00000000000001,0.0,6526.0,0.0,1006526.0,0.0,0.006526,0.0,1.1799417281869042,2.185,436871,2.280999999959022,954565.416,-0.045434584,-0.008620669233022626,51960.58400000003,0.051960584,0.008620669233022626
2023-08-08,6578.0,-52.00000000000001,0.0,6526.0,6578.0,-52.00000000000001,0.0,6526.0,0.0,1006526.0,0.0,0.006526,0.0,1.1799417281869042,2.177,436871,2.280999999959022,951070.448,-0.04892955200000004,-0.0036613184821269185,55455.552000000025,0.05545555200000004,0.0036613184821269185
2023-08-09,6578.0,-52.00000000000001,0.0,6526.0,6578.0,-52.00000000000001,0.0,6526.0,0.0,1006526.0,0.0,0.006526,0.0,1.121647036751602,2.174,436871,2.280999999959022,949759.835,-0.05024016500000006,-0.001378039873656145,56766.16500000004,0.056766165000000056,0.001378039873656145
2023-08-10,6578.0,-52.00000000000001,0.0,6526.0,6578.0,-52.00000000000001,0.0,6526.0,0.0,1006526.0,0.0,0.006526,0.0,1.121647036751602,2.184,436871,2.280999999959022,954128.545,-0.045871455000000005,0.0045998049601667645,52397.45499999996,0.052397455,-0.0045998049601667645
2023-08-11,6578.0,-52.00000000000001,0.0,6526.0,6578.0,-52.00000000000001,0.0,6526.0,0.0,1006526.0,0.0,0.006526,0.0,1.121647036751602,2.129,436871,2.280999999959022,930100.64,-0.06989935999999997,-0.025183089978719875,76425.35999999999,0.07642535999999997,0.025183089978719875
2023-08-14,6578.0,-52.00000000000001,0.0,6526.0,6578.0,-52.00000000000001,0.0,6526.0,0.0,1006526.0,0.0,0.006526,0.0,1.121647036751602,2.113,436871,2.280999999959022,923110.7039999999,-0.07688929600000005,-0.007515246952200849,83415.29600000009,0.08341529600000006,0.007515246952200849
2023-08-15,6578.0,-52.00000000000001,0.0,6526.0,6578.0,-52.00000000000001,0.0,6526.0,0.0,1006526.0,0.0,0.006526,0.0,1.121647036751602,2.096,436871,2.280999999959022,915683.897,-0.08431610300000003,-0.008045413153393466,90842.103,0.09084210300000004,0.008045413153393466
2023-08-16,6578.0,-52.00000000000001,0.0,6526.0,6578.0,-52.00000000000001,0.0,6526.0,0.0,1006526.0,0.0,0.006526,0.0,1.121647036751602,2.082,436871,2.280999999959022,909567.7029999999,-0.0904322970000001,-0.006679372674389339,96958.29700000014,0.09695829700000011,0.006679372674389339
2023-08-17,6578.0,-52.00000000000001,0.0,6526.0,6578.0,-52.00000000000001,0.0,6526.0,0.0,1006526.0,0.0,0.006526,0.0,1.121647036751602,2.094,436871,2.280999999959022,914810.1549999999,-0.08518984500000004,0.005763674306716204,91715.84500000009,0.09171584500000005,-0.005763674306716204
2023-08-18,6578.0,-52.00000000000001,0.0,6526.0,6578.0,-52.00000000000001,0.0,6526.0,0.0,1006526.0,0.0,0.006526,0.0,1.1021155273053869,2.065,436871,2.280999999959022,902140.896,-0.09785910400000009,-0.0138490581141395,104385.10400000005,0.10438510400000009,0.0138490581141395
2023-08-21,6578.0,-52.00000000000001,0.0,6526.0,6578.0,-52.00000000000001,0.0,6526.0,0.0,1006526.0,0.0,0.006526,0.0,0.8358719901310224,2.035,436871,2.280999999959022,889034.7660000001,-0.11096523399999991,-0.014527808303681944,117491.23399999994,0.11749123399999992,0.014527808303681944
2023-08-22,6578.0,-52.00000000000001,0.0,6526.0,6578.0,-52.00000000000001,0.0,6526.0,0.0,1006526.0,0.0,0.006526,0.0,0.8754292686290556,2.038,436871,2.280999999959022,890345.3789999998,-0.10965462100000012,0.001474197691836654,116180.62100000016,0.11618062100000012,-0.001474197691836654
2023-08-23,6578.0,0.0,0.0,6578.0,6578.0,0.0,52.0,6578.0,0.0,1006578.0,5.2e-05,0.006578,0.0,1.2045837564055015,1.987,436871,2.280999999959022,868064.958,-0.13193504200000006,-0.025024469745689393,138513.04200000002,0.13851304200000006,0.025076469745689393
2023-08-24,9273.0,-1704.9999999999998,0.0,7568.0,9273.0,-1704.9999999999998,990.0,7568.0,0.0,1007568.0,0.00099,0.007568,0.0,1.2724729024644699,2.014,436871,2.280999999959022,879860.4749999999,-0.12013952500000014,0.01358828840087778,127707.52500000014,0.12770752500000013,-0.01259828840087778
2023-08-25,9273.0,-3025.0,0.0,6248.0,9273.0,-3025.0,-1320.0,6248.0,-1320.0,1006248.0,-0.00132,0.006248,-0.00132,1.381082640702205,1.991,436871,2.280999999959022,869812.442,-0.13018755799999993,-0.011420029976911716,136435.55799999996,0.13643555799999993,0.010100029976911716
2023-08-28,9273.0,-2310.0,0.0,6963.0,9273.0,-2310.0,715.0,6963.0,-605.0,1006963.0,0.000715,0.006963,-0.000605,1.2249415493932811,2.01,436871,2.280999999959022,878112.9909999999,-0.12188700900000005,0.009542918219143992,128850.00900000008,0.12885000900000004,-0.008827918219143992
2023-08-29,9273.0,-605.0,0.0,8668.0,9273.0,-605.0,1705.0,8668.0,0.0,1008668.0,0.001705,0.008668,0.0,1.476996085736215,2.067,436871,2.280999999959022,903014.638,-0.09698536199999996,0.02835813529149811,105653.36199999996,0.10565336199999996,-0.026653135291498112
2023-08-30,9273.0,-494.99999999999994,0.0,8778.0,9273.0,-494.99999999999994,110.0,8778.0,0.0,1008778.0,0.00011,0.008778,0.0,1.7046965922864457,2.066,436871,2.280999999959022,902577.7669999999,-0.09742223300000008,-0.0004837917145703585,106200.23300000012,0.10620023300000007,0.0005937917145703585
2023-08-31,9273.0,-385.0,0.0,8888.0,9273.0,-385.0,110.0,8888.0,0.0,1008888.0,0.00011,0.008888,0.0,3.534356998258935,2.052,436871,2.280999999959022,896461.573,-0.10353842700000004,-0.006776362351943344,112426.42700000003,0.11242642700000005,0.006886362351943343
2023-09-01,9273.0,-329.99999999999994,0.0,8943.0,9273.0,-329.99999999999994,55.0,8943.0,0.0,1008943.0,5.5e-05,0.008943,0.0,5.033546199979759,2.049,436871,2.280999999959022,895150.96,-0.10484904000000006,-0.0014619845841401524,113792.04000000004,0.11379204000000007,0.0015169845841401523
2023-09-04,9273.0,-164.99999999999997,0.0,9108.0,9273.0,-164.99999999999997,165.0,9108.0,0.0,1009108.0,0.000165,0.009108,0.0,4.851243844813572,2.067,436871,2.280999999959022,903014.638,-0.09698536199999996,0.00878475067490303,106093.36199999996,0.10609336199999997,-0.00861975067490303
2023-09-05,9273.0,-164.99999999999997,0.0,9108.0,9273.0,-164.99999999999997,0.0,9108.0,0.0,1009108.0,0.0,0.009108,0.0,4.4254467038529155,2.057,436871,2.280999999959022,898645.928,-0.10135407200000002,-0.004837917145702031,110462.07200000004,0.11046207200000002,0.004837917145702031
2023-09-06,9273.0,-220.00000000000003,0.0,9053.0,9273.0,-220.00000000000003,-55.0,9053.0,-55.0,1009053.0,-5.5e-05,0.009053,-5.5e-05,3.853656170964676,2.049,436871,2.280999999959022,895150.96,-0.10484904000000006,-0.003889149097663247,113902.04000000004,0.11390204000000007,0.003834149097663247
2023-09-07,9273.0,-825.0,0.0,8448.0,9273.0,-825.0,-605.0,8448.0,-660.0,1008448.0,-0.000605,0.008448,-0.00066,2.6599218592994025,2.003,436871,2.280999999959022,875054.894,-0.12494510600000008,-0.022449918391418522,133393.10600000003,0.1333931060000001,0.02184491839141852
2023-09-08,9273.0,-770.0,0.0,8503.0,9273.0,-770.0,55.0,8503.0,-605.0,1008503.0,5.5e-05,0.008503,-0.000605,2.743154706409082,1.998,436871,2.280999999959022,872870.539,-0.127129461,-0.002496249109601556,135632.461,0.135632461,0.002551249109601556
2023-09-11,9273.0,-329.99999999999994,0.0,8943.0,9273.0,-329.99999999999994,440.0,8943.0,-165.0,1008943.0,0.00044,0.008943,-0.000165,2.5653766441677357,2.011,436871,2.280999999959022,878549.862,-0.12145013800000004,0.006506489503594004,130393.13800000004,0.13039313800000005,-0.006066489503594004
2023-09-12,9273.0,-220.00000000000003,0.0,9053.0,9273.0,-220.00000000000003,110.0,9053.0,-55.0,1009053.0,0.00011,0.009053,-5.5e-05,2.4612226360853358,1.998,436871,2.280999999959022,872870.539,-0.127129461,-0.006464428765683428,136182.461,0.136182461,0.0065744287656834275
2023-09-13,9273.0,-550.0,0.0,8723.0,9273.0,-550.0,-330.0,8723.0,-385.0,1008723.0,-0.00033,0.008723,-0.000385,2.137219595603287,1.974,436871,2.280999999959022,862385.6349999999,-0.13761436500000013,-0.012011980622019913,146337.3650000001,0.14633736500000014,0.011681980622019913
2023-09-14,9273.0,-550.0,0.0,8723.0,9273.0,-550.0,0.0,8723.0,-385.0,1008723.0,0.0,0.008723,-0.000385,2.137219595603287,1.96,436871,2.280999999959022,856269.441,-0.14373055899999998,-0.0070921798227772115,152453.559,0.152453559,0.0070921798227772115
2023-09-15,9273.0,-659.9999999999999,0.0,8613.0,9273.0,-659.9999999999999,-110.0,8613.0,-495.0,1008613.0,-0.00011,0.008613,-0.000495,2.0476667411863305,1.954,436871,2.280999999959022,853648.215,-0.146351785,-0.003061216335057848,154964.78500000003,0.15496478500000002,0.002951216335057848
2023-09-18,9273.0,-220.00000000000003,0.0,9053.0,9273.0,-220.00000000000003,440.0,9053.0,-55.0,1009053.0,0.00044,0.009053,-5.5e-05,2.366095292672802,1.968,436871,2.280999999959022,859764.409,-0.14023559100000005,0.007164771029246619,149288.59100000001,0.14928859100000005,-0.006724771029246619
2023-09-19,9273.0,-275.0,0.0,8998.0,9273.0,-275.0,-55.0,8998.0,-110.0,1008998.0,-5.5e-05,0.008998,-0.00011,2.2829747595901666,1.952,436871,2.280999999959022,852774.473,-0.14722552700000002,-0.008130059731281558,156223.527,0.15622352700000003,0.008075059731281559
2023-09-20,9273.0,-275.0,0.0,8998.0,9273.0,-275.0,0.0,8998.0,-110.0,1008998.0,0.0,0.008998,-0.00011,2.243900337129791,1.936,436871,2.280999999959022,845784.5369999999,-0.1542154630000001,-0.008196699386896489,163213.4630000001,0.16321346300000011,0.008196699386896489
2023-09-21,9273.0,-275.0,0.0,8998.0,9273.0,-275.0,0.0,8998.0,-110.0,1008998.0,0.0,0.008998,-0.00011,2.1202175933267116,1.917,436871,2.280999999959022,837483.988,-0.162516012,-0.009814023119223636,171514.012,0.171514012,0.009814023119223636
2023-09-22,9273.0,-55.00000000000001,0.0,9218.0,9273.0,-55.00000000000001,220.0,9218.0,0.0,1009218.0,0.00022,0.009218,0.0,2.2439820764744836,1.964,436871,2.280999999959022,858016.9249999999,-0.14198307500000007,0.024517408445067446,151201.07500000007,0.15120107500000007,-0.024297408445067444
2023-09-25,9273.0,-55.00000000000001,0.0,9218.0,9273.0,-55.00000000000001,0.0,9218.0,0.0,1009218.0,0.0,0.009218,0.0,2.2019010280772227,1.953,436871,2.280999999959022,853211.344,-0.1467886559999999,-0.005600799774433174,156006.65599999996,0.1560066559999999,0.005600799774433174
2023-09-26,9273.0,-55.00000000000001,0.0,9218.0,9273.0,-55.00000000000001,0.0,9218.0,0.0,1009218.0,0.0,0.009218,0.0,2.2019010280772227,1.938,436871,2.280999999959022,846658.279,-0.153341721,-0.007680471018210122,162559.72100000002,0.162559721,0.007680471018210122
2023-09-27,9273.0,0.0,0.0,9273.0,9273.0,0.0,55.0,9273.0,0.0,1009273.0,5.5e-05,0.009273,0.0,2.2447528535552,1.956,436871,2.280999999959022,854521.9569999999,-0.1454780430000001,0.009287900673797145,154751.04300000006,0.15475104300000012,-0.009232900673797145
2023-09-28,9621.0,-290.0,0.0,9331.0,9621.0,-290.0,58.0,9331.0,0.0,1009331.0,5.8e-05,0.009331,0.0,2.289946421927865,1.953,436871,2.280999999959022,853211.344,-0.1467886559999999,-0.0015337382372258013,156119.65599999996,0.1561196559999999,0.0015917382372258012
2023-10-09,9621.0,-116.00000000000001,0.0,9505.0,9621.0,-116.00000000000001,174.0,9505.0,0.0,1009505.0,0.000174,0.009505,0.0,2.4222550315590503,1.947,436871,2.280999999959022,850590.118,-0.14940988199999994,-0.003072188407284071,158914.88199999998,0.15891488199999992,0.003246188407284071
2023-10-10,9621.0,-116.00000000000001,0.0,9505.0,9621.0,-116.00000000000001,0.0,9505.0,0.0,1009505.0,0.0,0.009505,0.0,2.4222550315590503,1.938,436871,2.280999999959022,846658.279,-0.153341721,-0.004622483751921536,162846.72100000002,0.16284672099999997,0.004622483751921536
2023-10-11,9621.0,-116.00000000000001,0.0,9505.0,9621.0,-116.00000000000001,0.0,9505.0,0.0,1009505.0,0.0,0.009505,0.0,2.4222550315590503,1.954,436871,2.280999999959022,853648.215,-0.146351785,0.008255911710041808,155856.78500000003,0.155856785,-0.008255911710041808
2023-10-12,9621.0,-58.00000000000001,0.0,9563.0,9621.0,-58.00000000000001,58.0,9563.0,0.0,1009563.0,5.8e-05,0.009563,0.0,2.4675230148901464,1.968,436871,2.280999999959022,859764.409,-0.14023559100000005,0.007164771029246619,149798.59100000001,0.14979859100000004,-0.0071067710292466195
2023-10-13,9621.0,-58.00000000000001,0.0,9563.0,9621.0,-58.00000000000001,0.0,9563.0,0.0,1009563.0,0.0,0.009563,0.0,2.4675230148901464,1.945,436871,2.280999999959022,849716.3759999999,-0.15028362400000006,-0.011686960863717344,159846.62400000007,0.15984662400000005,0.011686960863717344
2023-10-16,9621.0,-116.00000000000001,0.0,9505.0,9621.0,-116.00000000000001,-58.0,9505.0,-58.0,1009505.0,-5.8e-05,0.009505,-5.8e-05,2.4210991154914794,1.906,436871,2.280999999959022,832678.4069999999,-0.16732159300000016,-0.020051360055228673,176826.5930000001,0.17682659300000014,0.019993360055228674
2023-10-17,9621.0,-58.00000000000001,0.0,9563.0,9621.0,-58.00000000000001,58.0,9563.0,0.0,1009563.0,5.8e-05,0.009563,0.0,2.466345035946731,1.912,436871,2.280999999959022,835299.6329999999,-0.16470036700000013,0.003147945206654068,174263.3670000001,0.1742633670000001,-0.003089945206654068
2023-10-18,9621.0,-58.00000000000001,0.0,9563.0,9621.0,-58.00000000000001,0.0,9563.0,0.0,1009563.0,0.0,0.009563,0.0,2.466345035946731,1.887,436871,2.280999999959022,824377.858,-0.17562214200000004,-0.013075278102031573,185185.142,0.18518514200000002,0.013075278102031573
2023-10-19,9621.0,-58.00000000000001,0.0,9563.0,9621.0,-58.00000000000001,0.0,9563.0,0.0,1009563.0,0.0,0.009563,0.0,2.466345035946731,1.867,436871,2.280999999959022,815640.438,-0.18435956200000003,-0.010598804801960182,193922.56200000003,0.19392256200000002,0.010598804801960182
2023-10-20,9621.0,-58.00000000000001,0.0,9563.0,9621.0,-58.00000000000001,0.0,9563.0,0.0,1009563.0,0.0,0.009563,0.0,2.466345035946731,1.85,436871,2.280999999959022,808213.631,-0.1917863689999999,-0.009105491407722321,201349.36899999995,0.2013493689999999,0.009105491407722321
2023-10-23,9621.0,-174.0,0.0,9447.0,9621.0,-174.0,-116.0,9447.0,-116.0,1009447.0,-0.000116,0.009447,-0.000116,2.3724978534020535,1.815,436871,2.280999999959022,792923.146,-0.2070768540000001,-0.018918865524553463,216523.85400000005,0.2165238540000001,0.01880286552455346
2023-10-24,9621.0,-58.00000000000001,0.0,9563.0,9621.0,-58.00000000000001,116.0,9563.0,0.0,1009563.0,0.000116,0.009563,0.0,2.4616499347705205,1.832,436871,2.280999999959022,800349.953,-0.199650047,0.00936636424029924,209213.04700000002,0.20921304699999999,-0.009250364240299241
2023-10-25,9621.0,0.0,0.0,9621.0,9621.0,0.0,58.0,9621.0,0.0,1009621.0,5.8e-05,0.009621,0.0,2.5068454913805325,1.815,436871,2.280999999959022,792923.146,-0.2070768540000001,-0.009279449535995687,216697.85400000005,0.21669785400000008,0.009337449535995688
2023-10-26,10551.0,-310.0,0.0,10241.0,10551.0,-310.0,620.0,10241.0,0.0,1010241.0,0.00062,0.010241,0.0,2.8796346028090265,1.829,436871,2.280999999959022,799039.34,-0.20096066,0.007713476433187649,211201.66000000003,0.21120166,-0.007093476433187649
2023-10-27,10551.0,-185.99999999999997,0.0,10365.0,10551.0,-185.99999999999997,124.0,10365.0,0.0,1010365.0,0.000124,0.010365,0.0,3.056798559794596,1.881,436871,2.280999999959022,821756.632,-0.17824336800000007,0.02843075536180728,188608.36800000002,0.18860836800000008,-0.02830675536180728
2023-10-30,10551.0,-185.99999999999997,0.0,10365.0,10551.0,-185.99999999999997,0.0,10365.0,0.0,1010365.0,0.0,0.010365,0.0,2.9776314172619127,1.926,436871,2.280999999959022,841415.8269999999,-0.15858417300000005,0.023923378570311238,168949.17300000007,0.16894917300000006,-0.023923378570311238
2023-10-31,10551.0,-185.99999999999997,0.0,10365.0,10551.0,-185.99999999999997,0.0,10365.0,0.0,1010365.0,0.0,0.010365,0.0,2.9375479703519227,1.916,436871,2.280999999959022,837047.117,-0.162952883,-0.005192093920524665,173317.88300000003,0.173317883,0.005192093920524665
2023-11-01,10551.0,-185.99999999999997,0.0,10365.0,10551.0,-185.99999999999997,0.0,10365.0,0.0,1010365.0,0.0,0.010365,0.0,2.8975046768824857,1.908,436871,2.280999999959022,833552.149,-0.16644785100000004,-0.004175353966364592,176812.85100000002,0.17681285100000005,0.004175353966364592
2023-11-02,10551.0,-124.00000000000001,0.0,10427.0,10551.0,-124.00000000000001,62.0,10427.0,0.0,1010427.0,6.2e-05,0.010427,0.0,2.945129274177128,1.89,436871,2.280999999959022,825688.4709999999,-0.17431152900000013,-0.009433936448288271,184738.5290000001,0.18473852900000012,0.009495936448288271
2023-11-03,10551.0,-124.00000000000001,0.0,10427.0,10551.0,-124.00000000000001,0.0,10427.0,0.0,1010427.0,0.0,0.010427,0.0,2.945129274177128,1.918,436871,2.280999999959022,837920.8589999999,-0.1620791410000001,0.014814773888250254,172506.14100000006,0.17250614100000008,-0.014814773888250254
2023-11-06,10551.0,-124.00000000000001,0.0,10427.0,10551.0,-124.00000000000001,0.0,10427.0,0.0,1010427.0,0.0,0.010427,0.0,2.945129274177128,1.981,436871,2.280999999959022,865443.732,-0.1345562680000001,0.03284662591267473,144983.26800000004,0.14498326800000008,-0.03284662591267473
2023-11-07,10551.0,-124.00000000000001,0.0,10427.0,10551.0,-124.00000000000001,0.0,10427.0,0.0,1010427.0,0.0,0.010427,0.0,2.945129274177128,1.967,436871,2.280999999959022,859327.538,-0.14067246200000005,-0.007067119182740833,151099.46200000006,0.15109946200000005,0.007067119182740833
2023-11-08,10551.0,-62.00000000000001,0.0,10489.0,10551.0,-62.00000000000001,62.0,10489.0,0.0,1010489.0,6.2e-05,0.010489,0.0,2.9928069961432224,1.971,436871,2.280999999959022,861075.022,-0.13892497800000003,0.0020335482371101055,149413.978,0.14941397800000003,-0.0019715482371101055
2023-11-09,10551.0,-62.00000000000001,0.0,10489.0,10551.0,-62.00000000000001,0.0,10489.0,0.0,1010489.0,0.0,0.010489,0.0,2.9928069961432224,1.967,436871,2.280999999959022,859327.538,-0.14067246200000005,-0.002029421310980828,151161.46200000006,0.15116146200000005,0.002029421310980828
2023-11-10,10551.0,-62.00000000000001,0.0,10489.0,10551.0,-62.00000000000001,0.0,10489.0,0.0,1010489.0,0.0,0.010489,0.0,2.9928069961432224,1.955,436871,2.280999999959022,854085.086,-0.145914914,-0.006100644711329983,156403.914,0.156403914,0.006100644711329983
2023-11-13,10551.0,-62.00000000000001,0.0,10489.0,10551.0,-62.00000000000001,0.0,10489.0,0.0,1010489.0,0.0,0.010489,0.0,2.9928069961432224,1.958,436871,2.280999999959022,855395.6989999999,-0.1446043010000001,0.001534522755967993,155093.3010000001,0.1550933010000001,-0.001534522755967993
2023-11-14,10551.0,-62.00000000000001,0.0,10489.0,10551.0,-62.00000000000001,0.0,10489.0,0.0,1010489.0,0.0,0.010489,0.0,2.9928069961432224,1.953,436871,2.280999999959022,853211.344,-0.1467886559999999,-0.0025536193396266116,157277.65599999996,0.1572776559999999,0.0025536193396266116
2023-11-15,10551.0,-62.00000000000001,0.0,10489.0,10551.0,-62.00000000000001,0.0,10489.0,0.0,1010489.0,0.0,0.010489,0.0,2.9928069961432224,1.963,436871,2.280999999959022,857580.054,-0.14241994599999996,0.005120314012139859,152908.946,0.15290894599999996,-0.005120314012139859
2023-11-16,10551.0,-62.00000000000001,0.0,10489.0,10551.0,-62.00000000000001,0.0,10489.0,0.0,1010489.0,0.0,0.010489,0.0,2.9928069961432224,1.925,436871,2.280999999959022,840978.956,-0.15902104399999994,-0.01935807382945498,169510.044,0.16951004399999994,0.01935807382945498
2023-11-17,10551.0,-62.00000000000001,0.0,10489.0,10551.0,-62.00000000000001,0.0,10489.0,0.0,1010489.0,0.0,0.010489,0.0,2.9928069961432224,1.934,436871,2.280999999959022,844910.7949999999,-0.15508920500000012,0.004675311994370324,165578.20500000007,0.16557820500000012,-0.004675311994370324
2023-11-20,10551.0,-62.00000000000001,0.0,10489.0,10551.0,-62.00000000000001,0.0,10489.0,0.0,1010489.0,0.0,0.010489,0.0,2.9928069961432224,1.942,436871,2.280999999959022,848405.7629999999,-0.15159423700000008,0.004136493486273984,162083.23700000008,0.16208323700000007,-0.004136493486273984
2023-11-21,10551.0,-62.00000000000001,0.0,10489.0,10551.0,-62.00000000000001,0.0,10489.0,0.0,1010489.0,0.0,0.010489,0.0,2.9928069961432224,1.931,436871,2.280999999959022,843600.182,-0.15639981800000002,-0.005664248416945128,166888.81799999997,0.16688881800000002,0.005664248416945128
2023-11-22,10551.0,0.0,0.0,10551.0,10551.0,0.0,62.0,10551.0,0.0,1010551.0,6.2e-05,0.010551,0.0,3.0405391684629763,1.899,436871,2.280999999959022,829620.3099999999,-0.17037969000000008,-0.01657167968700146,180930.69000000006,0.1809306900000001,0.01663367968700146
2023-11-23,10551.0,0.0,0.0,10551.0,10551.0,0.0,0.0,10551.0,0.0,1010551.0,0.0,0.010551,0.0,3.000396079386889,1.911,436871,2.280999999959022,834862.762,-0.16513723800000002,0.006319097949759822,175688.238,0.17568823800000002,-0.006319097949759822
2023-11-24,10613.0,-62.00000000000001,0.0,10551.0,10613.0,-62.00000000000001,0.0,10551.0,0.0,1010551.0,0.0,0.010551,0.0,2.3980418739290226,1.888,436871,2.280999999959022,824814.7289999999,-0.17518527100000003,-0.012035550580707377,185736.27100000007,0.18573627100000004,0.012035550580707377
2023-11-27,10613.0,-124.00000000000001,0.0,10489.0,10613.0,-124.00000000000001,-62.0,10489.0,-62.0,1010489.0,-6.2e-05,0.010489,-6.2e-05,4.04849376586309,1.878,436871,2.280999999959022,820446.0189999999,-0.1795539810000002,-0.005296595521877556,190042.98100000015,0.1900429810000002,0.005234595521877556
2023-11-28,10613.0,-62.00000000000001,0.0,10551.0,10613.0,-62.00000000000001,62.0,10551.0,0.0,1010551.0,6.2e-05,0.010551,0.0,3.593676674330242,1.89,436871,2.280999999959022,825688.4709999999,-0.17431152900000013,0.006389758593002615,184862.5290000001,0.18486252900000014,-0.006327758593002614
2023-11-29,10613.0,-62.00000000000001,0.0,10551.0,10613.0,-62.00000000000001,0.0,10551.0,0.0,1010551.0,0.0,0.010551,0.0,3.2212256264077843,1.867,436871,2.280999999959022,815640.438,-0.18435956200000003,-0.012169278551062535,194910.56200000003,0.19491056200000004,0.012169278551062535
2023-11-30,10613.0,-310.0,0.0,10303.0,10613.0,-310.0,-248.0,10303.0,-248.0,1010303.0,-0.000248,0.010303,-0.000248,2.5476361878269014,1.874,436871,2.280999999959022,818698.535,-0.181301465,0.0037493199914151454,191604.46499999997,0.191604465,-0.003997319991415145
2023-12-01,10613.0,-62.00000000000001,0.0,10551.0,10613.0,-62.00000000000001,248.0,10551.0,0.0,1010551.0,0.000248,0.010551,0.0,2.7401387479237083,1.881,436871,2.280999999959022,821756.632,-0.17824336800000007,0.0037353150998369333,188794.36800000002,0.18879436800000007,-0.0034873150998369334
2023-12-04,10613.0,-124.00000000000001,0.0,10489.0,10613.0,-124.00000000000001,-62.0,10489.0,-62.0,1010489.0,-6.2e-05,0.010489,-6.2e-05,2.541550502591124,1.858,436871,2.280999999959022,811708.599,-0.18829140099999997,-0.012227504602603467,198780.40099999995,0.19878040099999997,0.012165504602603468
2023-12-05,10613.0,-310.0,0.0,10303.0,10613.0,-310.0,-186.0,10303.0,-248.0,1010303.0,-0.000186,0.010303,-0.000248,1.949894390610926,1.823,436871,2.280999999959022,796418.114,-0.20358188600000005,-0.018837406698459902,213884.88600000006,0.21388488600000005,0.018651406698459903
2023-12-06,10613.0,-185.99999999999997,0.0,10427.0,10613.0,-185.99999999999997,124.0,10427.0,-124.0,1010427.0,0.000124,0.010427,-0.000124,2.145315160077981,1.834,436871,2.280999999959022,801223.695,-0.1987763050000001,0.006033992591986781,209203.30500000005,0.2092033050000001,-0.005909992591986781
2023-12-07,10613.0,-185.99999999999997,0.0,10427.0,10613.0,-185.99999999999997,0.0,10427.0,-124.0,1010427.0,0.0,0.010427,-0.000124,2.23864748227663,1.829,436871,2.280999999959022,799039.34,-0.20096066,-0.002726273590797912,211387.66000000003,0.21138766,0.002726273590797912
2023-12-08,10613.0,-124.00000000000001,0.0,10489.0,10613.0,-124.00000000000001,62.0,10489.0,-62.0,1010489.0,6.2e-05,0.010489,-6.2e-05,3.8472944341021265,1.843,436871,2.280999999959022,805155.534,-0.19484446600000005,0.007654434135871302,205333.46600000001,0.20533346600000005,-0.0075924341358713015
2023-12-11,10613.0,-62.00000000000001,0.0,10551.0,10613.0,-62.00000000000001,62.0,10551.0,0.0,1010551.0,6.2e-05,0.010551,0.0,3.859931180999153,1.868,436871,2.280999999959022,816077.309,-0.18392269100000003,0.01356480150579209,194473.691,0.19447369100000003,-0.01350280150579209
2023-12-12,10613.0,-62.00000000000001,0.0,10551.0,10613.0,-62.00000000000001,0.0,10551.0,0.0,1010551.0,0.0,0.010551,0.0,3.270057700137157,1.856,436871,2.280999999959022,810834.857,-0.1891651430000001,-0.006423964913843783,199716.14300000004,0.1997161430000001,0.006423964913843783
2023-12-13,10613.0,-124.00000000000001,0.0,10489.0,10613.0,-124.00000000000001,-62.0,10489.0,-62.0,1010489.0,-6.2e-05,0.010489,-6.2e-05,2.91959970938672,1.822,436871,2.280999999959022,795981.243,-0.20401875699999994,-0.018318913983245255,214507.75699999998,0.21450775699999994,0.018256913983245256
2023-12-14,10613.0,-62.00000000000001,0.0,10551.0,10613.0,-62.00000000000001,62.0,10551.0,0.0,1010551.0,6.2e-05,0.010551,0.0,3.9718110199432903,1.812,436871,2.280999999959022,791612.5329999999,-0.2083874670000001,-0.005488458476150426,218938.46700000006,0.2189384670000001,0.005550458476150427
2023-12-15,10613.0,-124.00000000000001,0.0,10489.0,10613.0,-124.00000000000001,-62.0,10489.0,-62.0,1010489.0,-6.2e-05,0.010489,-6.2e-05,3.820904456140569,1.802,436871,2.280999999959022,787243.823,-0.21275617700000005,-0.005518747894811216,223245.17700000003,0.22324517700000004,0.005456747894811215
2023-12-18,10613.0,-124.00000000000001,0.0,10489.0,10613.0,-124.00000000000001,0.0,10489.0,-62.0,1010489.0,0.0,0.010489,-6.2e-05,4.10205046698487,1.773,436871,2.280999999959022,774574.5639999999,-0.2254254360000001,-0.016093183115391763,235914.4360000001,0.2359144360000001,0.016093183115391763
2023-12-19,10613.0,-62.00000000000001,0.0,10551.0,10613.0,-62.00000000000001,62.0,10551.0,0.0,1010551.0,6.2e-05,0.010551,0.0,3.6435526044162416,1.781,436871,2.280999999959022,778069.5319999999,-0.22193046800000016,0.0045121130520366926,232481.4680000001,0.23248146800000016,-0.004450113052036692
2023-12-20,10613.0,-124.00000000000001,0.0,10489.0,10613.0,-124.00000000000001,-62.0,10489.0,-62.0,1010489.0,-6.2e-05,0.010489,-6.2e-05,3.6235478656284488,1.755,436871,2.280999999959022,766710.8859999999,-0.23328911400000008,-0.014598497348691897,243778.11400000006,0.24377811400000007,0.014536497348691897
2023-12-21,10613.0,-62.00000000000001,0.0,10551.0,10613.0,-62.00000000000001,62.0,10551.0,0.0,1010551.0,6.2e-05,0.010551,0.0,3.7723728681371638,1.787,436871,2.280999999959022,780690.7579999999,-0.21930924200000013,0.018233563987768875,229860.2420000001,0.22986024200000013,-0.018171563987768875
2023-12-22,10613.0,-62.00000000000001,0.0,10551.0,10613.0,-62.00000000000001,0.0,10551.0,0.0,1010551.0,0.0,0.010551,0.0,3.7723728681371638,1.78,436871,2.280999999959022,777632.661,-0.22236733900000005,-0.003917168185562092,232918.33900000004,0.23291833900000006,0.003917168185562092
2023-12-25,10613.0,-62.00000000000001,0.0,10551.0,10613.0,-62.00000000000001,0.0,10551.0,0.0,1010551.0,0.0,0.010551,0.0,3.3275761974137725,1.783,436871,2.280999999959022,778943.274,-0.22105672600000004,0.0016853883147276427,231607.72600000002,0.23160772600000004,-0.0016853883147276427
2023-12-26,10613.0,-62.00000000000001,0.0,10551.0,10613.0,-62.00000000000001,0.0,10551.0,0.0,1010551.0,0.0,0.010551,0.0,3.3275761974137725,1.761,436871,2.280999999959022,769332.112,-0.23066788800000004,-0.012338718775560031,241218.88800000004,0.24121888800000005,0.012338718775560031
2023-12-27,10613.0,0.0,0.0,10613.0,10613.0,0.0,62.0,10613.0,0.0,1010613.0,6.2e-05,0.010613,0.0,3.479702062176249,1.763,436871,2.280999999959022,770205.8539999999,-0.22979414600000003,0.001135714974549229,240407.14600000007,0.24040714600000004,-0.001073714974549229
2023-12-28,10869.0,-191.99999999999997,0.0,10677.0,10869.0,-191.99999999999997,64.0,10677.0,0.0,1010677.0,6.4e-05,0.010677,0.0,3.5004638076364865,1.833,436871,2.280999999959022,800786.8239999999,-0.1992131760000001,0.03970493062494951,209890.1760000001,0.2098901760000001,-0.03964093062494951
2023-12-29,10869.0,-191.99999999999997,0.0,10677.0,10869.0,-191.99999999999997,0.0,10677.0,0.0,1010677.0,0.0,0.010677,0.0,3.357611557384608,1.842,436871,2.280999999959022,804718.663,-0.19528133700000005,0.004909969647552526,205958.33700000006,0.20595833700000005,-0.004909969647552526
2024-01-02,10869.0,-191.99999999999997,0.0,10677.0,10869.0,-191.99999999999997,0.0,10677.0,0.0,1010677.0,0.0,0.010677,0.0,2.9746290224248777,1.806,436871,2.280999999959022,788991.307,-0.21100869300000002,-0.0195439185433679,221685.69299999997,0.22168569300000002,0.0195439185433679
2024-01-03,10869.0,-191.99999999999997,0.0,10677.0,10869.0,-191.99999999999997,0.0,10677.0,0.0,1010677.0,0.0,0.010677,0.0,2.9746290224248777,1.787,436871,2.280999999959022,780690.7579999999,-0.21930924200000013,-0.010520456849596349,229986.2420000001,0.22998624200000012,0.010520456849596349
2024-01-04,10869.0,-320.0,0.0,10549.0,10869.0,-320.0,-128.0,10549.0,-128.0,1010549.0,-0.000128,0.010549,-0.000128,2.6078695577670294,1.754,436871,2.280999999959022,766274.015,-0.23372598499999997,-0.01846665001765002,244274.985,0.24427498499999997,0.018338650017650022
2024-01-05,10869.0,-832.0,0.0,10037.0,10869.0,-832.0,-512.0,10037.0,-640.0,1010037.0,-0.000512,0.010037,-0.00064,0.9985934302636691,1.728,436871,2.280999999959022,754915.369,-0.245084631,-0.014823216992422839,255121.63100000005,0.255121631,0.014311216992422838
2024-01-08,10869.0,-2176.0,0.0,8693.0,10869.0,-2176.0,-1344.0,8693.0,-1984.0,1008693.0,-0.001344,0.008693,-0.001984,-1.0763919518326523,1.699,436871,2.280999999959022,742246.11,-0.25775389000000004,-0.01678235669884731,266446.89,0.26644689000000005,0.015438356698847312
2024-01-09,10869.0,-1216.0,0.0,9653.0,10869.0,-1216.0,960.0,9653.0,-1024.0,1009653.0,0.00096,0.009653,-0.001024,0.1582347823470429,1.706,436871,2.280999999959022,745304.2069999999,-0.2546957930000001,0.00412005796837378,264348.79300000006,0.26434879300000014,-0.0031600579683737804
2024-01-10,10869.0,-1216.0,0.0,9653.0,10869.0,-1216.0,0.0,9653.0,-1024.0,1009653.0,0.0,0.009653,-0.001024,0.09626491721963326,1.698,436871,2.280999999959022,741809.239,-0.25819076100000005,-0.004689317418545058,267843.76100000006,0.26784376100000007,0.004689317418545058
2024-01-11,10869.0,-320.0,0.0,10549.0,10869.0,-320.0,896.0,10549.0,-128.0,1010549.0,0.000896,0.010549,-0.000128,0.9570576894790381,1.732,436871,2.280999999959022,756662.853,-0.24333714699999998,0.02002349555530425,253886.147,0.25388614699999995,-0.01912749555530425
2024-01-12,10869.0,-383.99999999999994,0.0,10485.0,10869.0,-383.99999999999994,-64.0,10485.0,-192.0,1010485.0,-6.4e-05,0.010485,-0.000192,0.8943214990566,1.714,436871,2.280999999959022,748799.1749999999,-0.25120082500000007,-0.010392578370700178,261685.82500000007,0.2616858250000001,0.010328578370700179
2024-01-15,10869.0,-256.0,0.0,10613.0,10869.0,-256.0,128.0,10613.0,-64.0,1010613.0,0.000128,0.010613,-6.4e-05,1.0170926423484632,1.698,436871,2.280999999959022,741809.239,-0.25819076100000005,-0.009334860712152837,268803.76100000006,0.26880376100000003,0.009462860712152837
2024-01-16,10869.0,-128.0,0.0,10741.0,10869.0,-128.0,128.0,10741.0,0.0,1010741.0,0.000128,0.010741,0.0,1.254371307487621,1.708,436871,2.280999999959022,746177.9489999999,-0.2538220510000001,0.005889263398618727,264563.0510000001,0.2645630510000001,-0.005761263398618727
2024-01-17,10869.0,-1344.0,0.0,9525.0,10869.0,-1344.0,-1216.0,9525.0,-1216.0,1009525.0,-0.001216,0.009525,-0.001216,-0.031892496212927925,1.656,436871,2.280999999959022,723460.6569999999,-0.27653934300000016,-0.030444871803629314,286064.3430000001,0.28606434300000017,0.029228871803629312
2024-01-18,10869.0,-512.0,0.0,10357.0,10869.0,-512.0,832.0,10357.0,-384.0,1010357.0,0.000832,0.010357,-0.000384,0.5852432658987073,1.683,436871,2.280999999959022,735256.174,-0.264743826,0.016304296420088793,275100.826,0.275100826,-0.015472296420088794
2024-01-19,10869.0,-128.0,0.0,10741.0,10869.0,-128.0,384.0,10741.0,0.0,1010741.0,0.000384,0.010741,0.0,0.4047167943836089,1.669,436871,2.280999999959022,729139.98,-0.27086002,-0.008318453100130019,281601.02,0.28160102,0.00870245310013002
2024-01-22,10869.0,-1216.0,0.0,9653.0,10869.0,-1216.0,-1088.0,9653.0,-1088.0,1009653.0,-0.001088,0.009653,-0.001088,-0.5301848827153363,1.623,436871,2.280999999959022,709043.914,-0.290956086,-0.02756132779881304,300609.086,0.300609086,0.02647332779881304
2024-01-23,10869.0,-128.0,0.0,10741.0,10869.0,-128.0,1088.0,10741.0,0.0,1010741.0,0.001088,0.010741,0.0,0.26028712713672725,1.642,436871,2.280999999959022,717344.4629999999,-0.2826555370000001,0.011706678297502382,293396.5370000001,0.2933965370000001,-0.010618678297502382
2024-01-24,10869.0,0.0,0.0,10869.0,10869.0,0.0,128.0,10869.0,0.0,1010869.0,0.000128,0.010869,0.0,0.3486071244957373,1.65,436871,2.280999999959022,720839.4309999999,-0.2791605690000001,0.004872091694112735,290029.56900000013,0.2900295690000001,-0.004744091694112735
2024-01-25,12786.0,-781.0,0.0,12005.0,12786.0,-781.0,1136.0,12005.0,0.0,1012005.0,0.001136,0.012005,0.0,1.0613165384058953,1.675,436871,2.280999999959022,731761.206,-0.26823879399999995,0.015151467206571567,280243.794,0.28024379399999994,-0.014015467206571567
2024-01-26,12786.0,-994.0,0.0,11792.0,12786.0,-994.0,-213.0,11792.0,-213.0,1011792.0,-0.000213,0.011792,-0.000213,0.8809265278258516,1.637,436871,2.280999999959022,715160.108,-0.28483989200000004,-0.022686496447039017,296631.892,0.29663189200000006,0.022473496447039016
2024-01-29,12786.0,-3479.0,0.0,9307.0,12786.0,-3479.0,-2485.0,9307.0,-2698.0,1009307.0,-0.002485,0.009307,-0.002698,-0.5690580018967194,1.58,436871,2.280999999959022,690258.461,-0.309741539,-0.03481968124541979,319048.539,0.319048539,0.032334681245419786
2024-01-30,12786.0,-6106.0,0.0,6680.0,12786.0,-6106.0,-2627.0,6680.0,-5325.0,1006680.0,-0.002627,0.00668,-0.005325,-1.602678434679444,1.544,436871,2.280999999959022,674531.105,-0.325468895,-0.022784734832826614,332148.895,0.332148895,0.020157734832826613
2024-01-31,12786.0,-6887.0,0.0,5899.0,12786.0,-6887.0,-781.0,5899.0,-6106.0,1005899.0,-0.000781,0.005899,-0.006106,-1.9158863141854148,1.533,436871,2.280999999959022,669725.524,-0.33027447600000004,-0.007124328239837108,336173.476,0.336173476,0.006343328239837107
2024-02-01,12786.0,-5609.000000000001,0.0,7176.999999999999,12786.0,-5609.000000000001,1277.999999999999,7176.999999999999,-4828.000000000001,1007177.0,0.0012779999999999992,0.007176999999999999,-0.004828000000000001,-1.3508313301157262,1.548,436871,2.280999999959022,676278.5889999999,-0.32372141100000007,0.00978470248656671,330898.4110000001,0.33089841100000006,-0.00850670248656671
2024-02-02,12786.0,-9868.999999999998,0.0,2917.000000000002,12786.0,-9868.999999999998,-4259.999999999997,2917.000000000002,-9087.999999999998,1002917.0,-0.004259999999999997,0.0029170000000000016,-0.009087999999999999,-2.3769161804221186,1.508,436871,2.280999999959022,658803.749,-0.34119625100000006,-0.02583970612738118,344113.25100000005,0.34411325100000006,0.021579706127381183
2024-02-05,12786.0,-12425.000000000002,0.0,360.9999999999982,12786.0,-12425.000000000002,-2556.0000000000036,360.9999999999982,-11644.000000000002,1000361.0,-0.0025560000000000036,0.0003609999999999982,-0.011644000000000002,-2.983435910895696,1.527,436871,2.280999999959022,667104.298,-0.33289570200000007,0.012599425872423131,333256.70200000005,0.33325670200000007,-0.015155425872423134
2024-02-06,12786.0,-2201.0,0.0,10585.0,12786.0,-2201.0,10224.000000000002,10585.0,-1420.0,1010585.0,0.010224000000000002,0.010585,-0.00142,0.01582095442753328,1.623,436871,2.280999999959022,709043.914,-0.290956086,0.062868154388656,301541.086,0.301541086,-0.052644154388656
2024-02-07,12786.0,-1349.0,0.0,11437.0,12786.0,-1349.0,852.0,11437.0,-568.0,1011437.0,0.000852,0.011437,-0.000568,0.15587396309975202,1.66,436871,2.280999999959022,725208.141,-0.274791859,0.02279721563197845,286228.85900000005,0.286228859,-0.021945215631978453
2024-02-08,12786.0,-710.0000000000001,0.0,12076.0,12786.0,-710.0000000000001,639.0,12076.0,0.0,1012076.0,0.000639,0.012076,0.0,0.2606212467677562,1.681,436871,2.280999999959022,734382.432,-0.2656175679999999,0.012650562619649364,277693.56799999997,0.2776935679999999,-0.012011562619649363
2024-02-19,12786.0,-284.0,0.0,12502.0,12786.0,-284.0,426.0,12502.0,0.0,1012502.0,0.000426,0.012502,0.0,0.330414710129449,1.697,436871,2.280999999959022,741372.368,-0.25862763199999994,0.009518114398466393,271129.632,0.27112963199999995,-0.009092114398466394
2024-02-20,12786.0,-213.0,0.0,12573.0,12786.0,-213.0,71.0,12573.0,0.0,1012573.0,7.1e-05,0.012573,0.0,0.3420684699036017,1.696,436871,2.280999999959022,740935.497,-0.25906450300000006,-0.0005892733784759185,271637.503,0.27163750300000006,0.0006602733784759185
2024-02-21,12786.0,-142.0,0.0,12644.0,12786.0,-142.0,71.0,12644.0,0.0,1012644.0,7.1e-05,0.012644,0.0,0.35372240589643994,1.703,436871,2.280999999959022,743993.594,-0.2560064059999999,0.004127345784325387,268650.40599999996,0.2686504059999999,-0.004056345784325387
2024-02-22,12786.0,-142.0,0.0,12644.0,12786.0,-142.0,0.0,12644.0,0.0,1012644.0,0.0,0.012644,0.0,0.35372240589643994,1.71,436871,2.280999999959022,747051.691,-0.252948309,0.004110380821370274,265592.309,0.26559230899999997,-0.004110380821370274
2024-02-23,12786.0,-71.0,0.0,12715.0,12786.0,-71.0,71.0,12715.0,0.0,1012715.0,7.1e-05,0.012715,0.0,0.3551990432200706,1.709,436871,2.280999999959022,746614.82,-0.2533851800000001,-0.0005847935360607792,266100.18000000005,0.2661001800000001,0.0006557935360607792
2024-02-26,12786.0,-71.0,0.0,12715.0,12786.0,-71.0,0.0,12715.0,0.0,1012715.0,0.0,0.012715,0.0,0.3551990432200706,1.704,436871,2.280999999959022,744430.465,-0.255569535,-0.0029256785982362254,268284.53500000003,0.268284535,0.0029256785982362254
2024-02-27,12786.0,-71.0,0.0,12715.0,12786.0,-71.0,0.0,12715.0,0.0,1012715.0,0.0,0.012715,0.0,0.3551990432200706,1.746,436871,2.280999999959022,762779.0469999999,-0.23722095300000012,0.024647811800662778,249935.9530000001,0.24993595300000013,-0.024647811800662778
2024-02-28,12786.0,0.0,0.0,12786.0,12786.0,0.0,71.0,12786.0,0.0,1012786.0,7.1e-05,0.012786,0.0,0.3770401792539421,1.701,436871,2.280999999959022,743119.852,-0.25688014800000003,-0.025773118804612305,269666.14800000004,0.26966614800000005,0.025844118804612307
2024-02-29,13851.0,-781.0,0.0,13070.0,13851.0,-781.0,284.0,13070.0,0.0,1013070.0,0.000284,0.01307,0.0,0.41340206603537116,1.761,436871,2.280999999959022,769332.112,-0.23066788800000004,0.035273260335400014,243737.88800000004,0.24373788800000004,-0.034989260335400015
2024-03-01,13851.0,-568.0,0.0,13283.0,13851.0,-568.0,213.0,13283.0,0.0,1013283.0,0.000213,0.013283,0.0,0.44831983614867543,1.775,436871,2.280999999959022,775448.3059999999,-0.22455169400000008,0.007950004821844603,237834.69400000013,0.23783469400000007,-0.007737004821844603
2024-03-04,13851.0,-497.0,0.0,13354.0,13851.0,-497.0,71.0,13354.0,0.0,1013354.0,7.1e-05,0.013354,0.0,0.5008076096413184,1.783,436871,2.280999999959022,778943.274,-0.22105672600000004,0.004507028995947238,234410.72600000002,0.23441072600000004,-0.004436028995947238
2024-03-05,13851.0,-213.0,0.0,13638.0,13851.0,-213.0,284.0,13638.0,0.0,1013638.0,0.000284,0.013638,0.0,0.5066917031781597,1.78,436871,2.280999999959022,777632.661,-0.22236733900000005,-0.0016825525603036962,236005.33900000004,0.23600533900000006,0.001966552560303696
2024-03-06,13851.0,-213.0,0.0,13638.0,13851.0,-213.0,0.0,13638.0,0.0,1013638.0,0.0,0.013638,0.0,0.5168852683190662,1.782,436871,2.280999999959022,778506.4029999999,-0.22149359700000004,0.0011235922098185025,235131.59700000007,0.23513159700000005,-0.0011235922098185025
2024-03-07,13851.0,-213.0,0.0,13638.0,13851.0,-213.0,0.0,13638.0,0.0,1013638.0,0.0,0.013638,0.0,0.5475118675117033,1.742,436871,2.280999999959022,761031.563,-0.23896843700000003,-0.022446623345241723,252606.43700000003,0.252606437,0.022446623345241723
2024-03-08,13851.0,-213.0,0.0,13638.0,13851.0,-213.0,0.0,13638.0,0.0,1013638.0,0.0,0.013638,0.0,0.5271577297861706,1.756,436871,2.280999999959022,767147.757,-0.23285224300000007,0.0080367152919254,246490.24300000002,0.24649024300000008,-0.0080367152919254
2024-03-11,13851.0,-142.0,0.0,13709.0,13851.0,-142.0,71.0,13709.0,0.0,1013709.0,7.1e-05,0.013709,0.0,0.5388185419497113,1.84,436871,2.280999999959022,803844.921,-0.19615507900000007,0.04783584865516333,209864.07900000003,0.20986407900000006,-0.047764848655163325
2024-03-12,13851.0,-71.0,0.0,13780.0,13851.0,-71.0,71.0,13780.0,0.0,1013780.0,7.1e-05,0.01378,0.0,0.5402957406215089,1.851,436871,2.280999999959022,808650.502,-0.191349498,0.005978243905580438,205129.49800000002,0.20512949800000002,-0.005907243905580438
2024-03-13,13851.0,-142.0,0.0,13709.0,13851.0,-142.0,-71.0,13709.0,-71.0,1013709.0,-7.1e-05,0.013709,-7.1e-05,0.5184348639867724,1.841,436871,2.280999999959022,804281.7919999999,-0.19571820800000006,-0.005402469904111973,209427.2080000001,0.20942720800000006,0.005331469904111973
2024-03-14,13851.0,-142.0,0.0,13709.0,13851.0,-142.0,0.0,13709.0,-71.0,1013709.0,0.0,0.013709,-7.1e-05,0.5184348639867724,1.832,436871,2.280999999959022,800349.953,-0.199650047,-0.0048886336096489735,213359.04700000002,0.213359047,0.0048886336096489735
2024-03-15,13851.0,-142.0,0.0,13709.0,13851.0,-142.0,0.0,13709.0,-71.0,1013709.0,0.0,0.013709,-7.1e-05,0.5286308270539711,1.833,436871,2.280999999959022,800786.8239999999,-0.1992131760000001,0.0005458499727055699,212922.1760000001,0.2129221760000001,-0.0005458499727055699
2024-03-18,13851.0,-142.0,0.0,13709.0,13851.0,-142.0,0.0,13709.0,-71.0,1013709.0,0.0,0.013709,-7.1e-05,0.5184476521598247,1.875,436871,2.280999999959022,819135.406,-0.180864594,0.022913191688578527,194573.59400000004,0.194573594,-0.022913191688578527
2024-03-19,13851.0,-71.0,0.0,13780.0,13851.0,-71.0,71.0,13780.0,0.0,1013780.0,7.1e-05,0.01378,0.0,0.5403049187595205,1.853,436871,2.280999999959022,809524.244,-0.1904757560000001,-0.011733300660184187,204255.75600000005,0.20425575600000012,0.011804300660184187
2024-03-20,13851.0,-71.0,0.0,13780.0,13851.0,-71.0,0.0,13780.0,0.0,1013780.0,0.0,0.01378,0.0,0.5403049187595205,1.856,436871,2.280999999959022,810834.857,-0.1891651430000001,0.0016189916604893995,202945.14300000004,0.2029451430000001,-0.0016189916604893995
2024-03-21,13851.0,-71.0,0.0,13780.0,13851.0,-71.0,0.0,13780.0,0.0,1013780.0,0.0,0.01378,0.0,0.53012105299031,1.846,436871,2.280999999959022,806466.147,-0.19353385300000003,-0.005387915877425042,207313.853,0.20731385300000005,0.005387915877425042
2024-03-22,13851.0,-71.0,0.0,13780.0,13851.0,-71.0,0.0,13780.0,0.0,1013780.0,0.0,0.01378,0.0,0.5403182481766413,1.817,436871,2.280999999959022,793796.8879999999,-0.20620311200000008,-0.015709598037225603,219983.11200000008,0.2199831120000001,0.015709598037225603
2024-03-25,13851.0,-71.0,0.0,13780.0,13851.0,-71.0,0.0,13780.0,0.0,1013780.0,0.0,0.01378,0.0,0.5301341309268324,1.781,436871,2.280999999959022,778069.5319999999,-0.22193046800000016,-0.0198128214380201,235710.4680000001,0.23571046800000017,0.0198128214380201
2024-03-26,13851.0,-71.0,0.0,13780.0,13851.0,-71.0,0.0,13780.0,0.0,1013780.0,0.0,0.01378,0.0,0.5301341309268324,1.792,436871,2.280999999959022,782875.113,-0.217124887,0.006176287339831443,230904.887,0.230904887,-0.006176287339831443
2024-03-27,13851.0,0.0,0.0,13851.0,13851.0,0.0,71.0,13851.0,0.0,1013851.0,7.1e-05,0.013851,0.0,0.5417955110484574,1.742,436871,2.280999999959022,761031.563,-0.23896843700000003,-0.027901704419105777,252819.43700000003,0.25281943700000004,0.02797270441910578
2024-03-28,14973.0,-594.0,0.0,14379.0,14973.0,-594.0,528.0,14379.0,0.0,1014379.0,0.000528,0.014379,0.0,0.6280475063062307,1.758,436871,2.280999999959022,768021.499,-0.23197850100000006,0.00918481747648614,246357.50100000005,0.24635750100000006,-0.00865681747648614
2024-03-29,14973.0,-330.0,0.0,14643.0,14973.0,-330.0,264.0,14643.0,0.0,1014643.0,0.000264,0.014643,0.0,0.6611055316233375,1.768,436871,2.280999999959022,772390.2089999999,-0.22760979100000012,0.005688265244772728,242252.79100000008,0.2422527910000001,-0.005424265244772727
2024-04-01,14973.0,-197.99999999999997,0.0,14775.0,14973.0,-197.99999999999997,132.0,14775.0,0.0,1014775.0,0.000132,0.014775,0.0,0.6722517970577558,1.822,436871,2.280999999959022,795981.243,-0.20401875699999994,0.030542896226692262,218793.75699999998,0.21879375699999995,-0.030410896226692262
2024-04-02,14973.0,-197.99999999999997,0.0,14775.0,14973.0,-197.99999999999997,0.0,14775.0,0.0,1014775.0,0.0,0.014775,0.0,0.6722517970577558,1.808,436871,2.280999999959022,789865.049,-0.21013495100000001,-0.007683841866610419,224909.951,0.22490995100000002,0.007683841866610419
2024-04-03,14973.0,-132.0,0.0,14841.0,14973.0,-132.0,66.0,14841.0,0.0,1014841.0,6.6e-05,0.014841,0.0,0.6830890485834975,1.79,436871,2.280999999959022,782001.3709999999,-0.2179986290000001,-0.009955723461818944,232839.62900000007,0.2328396290000001,0.010021723461818944
2024-04-08,14973.0,-197.99999999999997,0.0,14775.0,14973.0,-197.99999999999997,-66.0,14775.0,-66.0,1014775.0,-6.6e-05,0.014775,-6.6e-05,0.6722330353482701,1.758,436871,2.280999999959022,768021.499,-0.23197850100000006,-0.017877042826821343,246753.50100000005,0.24675350100000007,0.017811042826821343
2024-04-09,14973.0,-132.0,0.0,14841.0,14973.0,-132.0,66.0,14841.0,0.0,1014841.0,6.6e-05,0.014841,0.0,0.7041449872084868,1.777,436871,2.280999999959022,776322.048,-0.22367795200000007,0.01080770396506825,238518.95200000005,0.23851895200000006,-0.01074170396506825
2024-04-10,14973.0,-197.99999999999997,0.0,14775.0,14973.0,-197.99999999999997,-66.0,14775.0,-66.0,1014775.0,-6.6e-05,0.014775,-6.6e-05,0.7781262164074759,1.739,436871,2.280999999959022,759720.95,-0.24027905000000005,-0.021384292823794726,255054.05000000005,0.25505405000000003,0.021318292823794726
2024-04-11,14973.0,-132.0,0.0,14841.0,14973.0,-132.0,66.0,14841.0,0.0,1014841.0,6.6e-05,0.014841,0.0,1.0164301988404778,1.731,436871,2.280999999959022,756225.982,-0.2437740180000001,-0.00460033121371739,258615.01800000004,0.2586150180000001,0.00466633121371739
2024-04-12,14973.0,-197.99999999999997,0.0,14775.0,14973.0,-197.99999999999997,-66.0,14775.0,-66.0,1014775.0,-6.6e-05,0.014775,-6.6e-05,0.848808210184263,1.713,436871,2.280999999959022,748362.304,-0.25163769599999997,-0.010398582152920444,266412.696,0.26641269599999995,0.010332582152920444
2024-04-15,14973.0,-197.99999999999997,0.0,14775.0,14973.0,-197.99999999999997,0.0,14775.0,-66.0,1014775.0,0.0,0.014775,-6.6e-05,0.848808210184263,1.746,436871,2.280999999959022,762779.0469999999,-0.23722095300000012,0.019264389618427247,251995.9530000001,0.2519959530000001,-0.019264389618427247
2024-04-16,14973.0,-264.0,0.0,14709.0,14973.0,-264.0,-66.0,14709.0,-132.0,1014709.0,-6.6e-05,0.014709,-0.000132,0.6908562447414617,1.713,436871,2.280999999959022,748362.304,-0.25163769599999997,-0.01890028712338232,266346.696,0.26634669599999994,0.01883428712338232
2024-04-17,14973.0,-132.0,0.0,14841.0,14973.0,-132.0,132.0,14841.0,0.0,1014841.0,0.000132,0.014841,0.0,0.7234406230718534,1.747,436871,2.280999999959022,763215.9180000001,-0.2367840819999999,0.019848159000803944,251625.08199999994,0.2516250819999999,-0.019716159000803944
2024-04-18,14973.0,-132.0,0.0,14841.0,14973.0,-132.0,0.0,14841.0,0.0,1014841.0,0.0,0.014841,0.0,0.7021780498506132,1.738,436871,2.280999999959022,759284.0789999999,-0.24071592100000005,-0.005151673212350549,255556.9210000001,0.25555692100000005,0.005151673212350549
2024-04-19,14973.0,-66.0,0.0,14907.0,14973.0,-66.0,66.0,14907.0,0.0,1014907.0,6.6e-05,0.014907,0.0,0.6918888302670855,1.705,436871,2.280999999959022,744867.336,-0.255132664,-0.018987284731410647,270039.664,0.270039664,0.019053284731410648
2024-04-22,14973.0,-66.0,0.0,14907.0,14973.0,-66.0,0.0,14907.0,0.0,1014907.0,0.0,0.014907,0.0,0.8987906547605446,1.703,436871,2.280999999959022,743993.594,-0.2560064059999999,-0.0011730169357297981,270913.40599999996,0.2709134059999999,0.0011730169357297981
2024-04-23,14973.0,-66.0,0.0,14907.0,14973.0,-66.0,0.0,14907.0,0.0,1014907.0,0.0,0.014907,0.0,0.7612499202362717,1.705,436871,2.280999999959022,744867.336,-0.255132664,0.0011743945203914752,270039.664,0.270039664,-0.0011743945203914752
2024-04-24,14973.0,0.0,0.0,14973.0,14973.0,0.0,66.0,14973.0,0.0,1014973.0,6.6e-05,0.014973,0.0,0.7082740089793091,1.719,436871,2.280999999959022,750983.53,-0.24901646999999993,0.008211118550109253,263989.47,0.26398946999999995,-0.008145118550109253
2024-04-25,15831.0,-462.0,0.0,15369.0,15831.0,-462.0,396.0,15369.0,0.0,1015369.0,0.000396,0.015369,0.0,0.9607252534117561,1.716,436871,2.280999999959022,749672.9169999999,-0.25032708300000006,-0.0017451953972946743,265696.0830000001,0.2656960830000001,0.0021411953972946744
2024-04-26,15831.0,-264.0,0.0,15567.0,15831.0,-264.0,198.0,15567.0,0.0,1015567.0,0.000198,0.015567,0.0,0.8138463080349316,1.774,436871,2.280999999959022,775011.4349999999,-0.22498856500000008,0.03379943095903526,240555.56500000006,0.24055556500000008,-0.03360143095903526
2024-04-29,15831.0,-395.99999999999994,0.0,15435.0,15831.0,-395.99999999999994,-132.0,15435.0,-132.0,1015435.0,-0.000132,0.015435,-0.000132,0.7698916798246885,1.837,436871,2.280999999959022,802534.308,-0.19746569200000008,0.03551286052959979,212900.69200000004,0.21290069200000009,-0.03564486052959979
2024-04-30,15831.0,-330.0,0.0,15501.0,15831.0,-330.0,66.0,15501.0,-66.0,1015501.0,6.6e-05,0.015501,-6.6e-05,0.5917671506457836,1.816,436871,2.280999999959022,793360.017,-0.20663998299999997,-0.011431649598710902,222140.983,0.22214098299999996,0.011497649598710902
2024-05-06,15831.0,-197.99999999999997,0.0,15633.0,15831.0,-197.99999999999997,132.0,15633.0,0.0,1015633.0,0.000132,0.015633,0.0,0.6503208141389539,1.853,436871,2.280999999959022,809524.244,-0.1904757560000001,0.020374390760355077,206108.75600000005,0.20610875600000012,-0.020242390760355077
2024-05-07,15831.0,-132.0,0.0,15699.0,15831.0,-132.0,66.0,15699.0,0.0,1015699.0,6.6e-05,0.015699,0.0,1.1074859618480681,1.85,436871,2.280999999959022,808213.631,-0.1917863689999999,-0.0016189916604892884,207485.36899999995,0.2074853689999999,0.0016849916604892885
2024-05-08,15831.0,-132.0,0.0,15699.0,15831.0,-132.0,0.0,15699.0,0.0,1015699.0,0.0,0.015699,0.0,1.6067502293610607,1.821,436871,2.280999999959022,795544.372,-0.20445562800000006,-0.015675631434630022,220154.62800000003,0.22015462800000005,0.015675631434630022
2024-05-09,15831.0,-132.0,0.0,15699.0,15831.0,-132.0,0.0,15699.0,0.0,1015699.0,0.0,0.015699,0.0,1.751553716030394,1.856,436871,2.280999999959022,810834.857,-0.1891651430000001,0.01922015356800233,204864.14300000004,0.20486414300000008,-0.01922015356800233
2024-05-10,15831.0,-132.0,0.0,15699.0,15831.0,-132.0,0.0,15699.0,0.0,1015699.0,0.0,0.015699,0.0,1.5303883032139132,1.84,436871,2.280999999959022,803844.921,-0.19615507900000007,-0.008620665403880179,211854.07900000003,0.21185407900000006,0.008620665403880179
2024-05-13,15831.0,-132.0,0.0,15699.0,15831.0,-132.0,0.0,15699.0,0.0,1015699.0,0.0,0.015699,0.0,2.4911194042905405,1.817,436871,2.280999999959022,793796.8879999999,-0.20620311200000008,-0.012499964529850027,221902.11200000008,0.22190211200000007,0.012499964529850027
2024-05-14,15831.0,-132.0,0.0,15699.0,15831.0,-132.0,0.0,15699.0,0.0,1015699.0,0.0,0.015699,0.0,3.099584834417315,1.813,436871,2.280999999959022,792049.404,-0.207950596,-0.0022014246042243446,223649.59600000002,0.22364959599999998,0.0022014246042243446
2024-05-15,15831.0,-66.0,0.0,15765.0,15831.0,-66.0,66.0,15765.0,0.0,1015765.0,6.6e-05,0.015765,0.0,7.930105035623384,1.797,436871,2.280999999959022,785059.4679999999,-0.21494053200000007,-0.008825126266997496,230705.53200000012,0.23070553200000007,0.008891126266997496
2024-05-16,15831.0,-66.0,0.0,15765.0,15831.0,-66.0,0.0,15765.0,0.0,1015765.0,0.0,0.015765,0.0,8.093026013900106,1.801,436871,2.280999999959022,786806.9519999999,-0.21319304800000005,0.002225925641597515,228958.04800000007,0.22895804800000005,-0.002225925641597515
2024-05-17,15831.0,-66.0,0.0,15765.0,15831.0,-66.0,0.0,15765.0,0.0,1015765.0,0.0,0.015765,0.0,8.067350038152883,1.824,436871,2.280999999959022,796854.985,-0.20314501500000004,0.012770645930947566,218910.015,0.21891001500000004,-0.012770645930947566
2024-05-20,15831.0,-66.0,0.0,15765.0,15831.0,-66.0,0.0,15765.0,0.0,1015765.0,0.0,0.015765,0.0,7.741790226385295,1.831,436871,2.280999999959022,799913.0819999999,-0.2000869180000001,0.003837708312761423,215851.91800000006,0.21585191800000011,-0.003837708312761423
2024-05-21,15831.0,-66.0,0.0,15765.0,15831.0,-66.0,0.0,15765.0,0.0,1015765.0,0.0,0.015765,0.0,7.560187511131705,1.818,436871,2.280999999959022,794233.759,-0.20576624100000007,-0.007099925139116503,221531.24100000004,0.22153124100000007,0.007099925139116503
2024-05-22,15831.0,0.0,0.0,15831.0,15831.0,0.0,66.0,15831.0,0.0,1015831.0,6.6e-05,0.015831,0.0,7.549118595771605,1.839,436871,2.280999999959022,803408.0499999999,-0.19659195000000007,0.011551121941166365,212422.95000000007,0.21242295000000008,-0.011485121941166365
2024-05-23,16029.0,-264.0,0.0,15765.0,16029.0,-264.0,-66.0,15765.0,-66.0,1015765.0,-6.6e-05,0.015765,-6.6e-05,7.337631773008333,1.811,436871,2.280999999959022,791175.6619999999,-0.2088243380000001,-0.015225622894866508,224589.3380000001,0.2245893380000001,0.015159622894866508
2024-05-24,16029.0,-264.0,0.0,15765.0,16029.0,-264.0,0.0,15765.0,-66.0,1015765.0,0.0,0.015765,-6.6e-05,7.160060618811109,1.781,436871,2.280999999959022,778069.5319999999,-0.22193046800000016,-0.016565385703181557,237695.4680000001,0.23769546800000016,0.016565385703181557
2024-05-27,16029.0,-197.99999999999997,0.0,15831.0,16029.0,-197.99999999999997,66.0,15831.0,0.0,1015831.0,6.6e-05,0.015831,0.0,7.326673255972059,1.792,436871,2.280999999959022,782875.113,-0.217124887,0.006176287339831443,232955.887,0.232955887,-0.006110287339831443
2024-05-28,16029.0,-264.0,0.0,15765.0,16029.0,-264.0,-66.0,15765.0,-66.0,1015765.0,-6.6e-05,0.015765,-6.6e-05,7.119483155150293,1.769,436871,2.280999999959022,772827.08,-0.22717292,-0.012834784032788704,242937.92000000004,0.24293792,0.012768784032788704
2024-05-29,16029.0,-197.99999999999997,0.0,15831.0,16029.0,-197.99999999999997,66.0,15831.0,0.0,1015831.0,6.6e-05,0.015831,0.0,7.1086284657296686,1.772,436871,2.280999999959022,774137.693,-0.22586230699999998,0.0016958683694159316,241693.30700000003,0.241693307,-0.0016298683694159315
2024-05-30,16029.0,-197.99999999999997,0.0,15831.0,16029.0,-197.99999999999997,0.0,15831.0,0.0,1015831.0,0.0,0.015831,0.0,6.680209637573488,1.777,436871,2.280999999959022,776322.048,-0.22367795200000007,0.002821662114830037,239508.95200000005,0.23950895200000008,-0.002821662114830037
2024-05-31,16029.0,-132.0,0.0,15897.0,16029.0,-132.0,66.0,15897.0,0.0,1015897.0,6.6e-05,0.015897,0.0,6.450961406358772,1.772,436871,2.280999999959022,774137.693,-0.22586230699999998,-0.0028137227399729348,241759.30700000003,0.24175930699999998,0.002879722739972935
2024-06-03,16029.0,-132.0,0.0,15897.0,16029.0,-132.0,0.0,15897.0,0.0,1015897.0,0.0,0.015897,0.0,6.270919849829769,1.782,436871,2.280999999959022,778506.4029999999,-0.22149359700000004,0.005643324229659852,237390.59700000007,0.23739059700000004,-0.005643324229659852
2024-06-04,16029.0,-132.0,0.0,15897.0,16029.0,-132.0,0.0,15897.0,0.0,1015897.0,0.0,0.015897,0.0,5.819989135005844,1.806,436871,2.280999999959022,788991.307,-0.21100869300000002,0.013467974007145278,226905.69299999997,0.22690569300000002,-0.013467974007145278
2024-06-05,16029.0,-132.0,0.0,15897.0,16029.0,-132.0,0.0,15897.0,0.0,1015897.0,0.0,0.015897,0.0,5.819989135005844,1.796,436871,2.280999999959022,784622.597,-0.21537740300000008,-0.005537082552419137,231274.40300000005,0.23127440300000007,0.005537082552419137
2024-06-06,16029.0,-197.99999999999997,0.0,15831.0,16029.0,-197.99999999999997,-66.0,15831.0,-66.0,1015831.0,-6.6e-05,0.015831,-6.6e-05,5.609085925579933,1.785,436871,2.280999999959022,779817.016,-0.22018298400000003,-0.006124703798200737,236013.98400000005,0.23601398400000004,0.006058703798200737
2024-06-07,16029.0,-264.0,0.0,15765.0,16029.0,-264.0,-66.0,15765.0,-132.0,1015765.0,-6.6e-05,0.015765,-0.000132,5.402092307834347,1.748,436871,2.280999999959022,763652.789,-0.236347211,-0.020728230685338023,252112.211,0.25211221100000003,0.020662230685338023
2024-06-11,16029.0,-132.0,0.0,15897.0,16029.0,-132.0,132.0,15897.0,0.0,1015897.0,0.000132,0.015897,0.0,5.523207852605518,1.752,436871,2.280999999959022,765400.2729999999,-0.2345997270000001,0.0022883226843029014,250496.72700000007,0.2504967270000001,-0.0021563226843029012
2024-06-12,16029.0,-132.0,0.0,15897.0,16029.0,-132.0,0.0,15897.0,0.0,1015897.0,0.0,0.015897,0.0,5.343765414911292,1.743,436871,2.280999999959022,761468.434,-0.23853156600000003,-0.005136970992431156,254428.566,0.254428566,0.005136970992431156
2024-06-13,16029.0,-132.0,0.0,15897.0,16029.0,-132.0,0.0,15897.0,0.0,1015897.0,0.0,0.015897,0.0,5.565940964621983,1.742,436871,2.280999999959022,761031.563,-0.23896843700000003,-0.0005737217466851297,254865.43700000003,0.25486543700000003,0.0005737217466851297
2024-06-14,16029.0,-132.0,0.0,15897.0,16029.0,-132.0,0.0,15897.0,0.0,1015897.0,0.0,0.015897,0.0,5.565940964621983,1.756,436871,2.280999999959022,767147.757,-0.23285224300000007,0.0080367152919254,248749.24300000002,0.24874924300000006,-0.0080367152919254
2024-06-17,16029.0,-132.0,0.0,15897.0,16029.0,-132.0,0.0,15897.0,0.0,1015897.0,0.0,0.015897,0.0,5.565940964621983,1.768,436871,2.280999999959022,772390.2089999999,-0.22760979100000012,0.0068336926650232055,243506.79100000008,0.2435067910000001,-0.0068336926650232055
2024-06-18,16029.0,-132.0,0.0,15897.0,16029.0,-132.0,0.0,15897.0,0.0,1015897.0,0.0,0.015897,0.0,5.565940964621983,1.776,436871,2.280999999959022,775885.177,-0.22411482299999996,0.004524873515065586,240011.82299999997,0.24001182299999996,-0.004524873515065586
2024-06-19,16029.0,-132.0,0.0,15897.0,16029.0,-132.0,0.0,15897.0,0.0,1015897.0,0.0,0.015897,0.0,5.385106800230738,1.753,436871,2.280999999959022,765837.1439999999,-0.2341628560000002,-0.012950412377835896,250059.85600000015,0.2500598560000002,0.012950412377835896
2024-06-20,16029.0,-66.0,0.0,15963.0,16029.0,-66.0,66.0,15963.0,0.0,1015963.0,6.6e-05,0.015963,0.0,5.554594422118149,1.728,436871,2.280999999959022,754915.369,-0.245084631,-0.014261223924129651,261047.63100000005,0.261047631,0.014327223924129651
2024-06-21,16029.0,-66.0,0.0,15963.0,16029.0,-66.0,0.0,15963.0,0.0,1015963.0,0.0,0.015963,0.0,5.554594422118149,1.723,436871,2.280999999959022,752731.014,-0.24726898600000002,-0.002893509775663272,263231.98600000003,0.26323198600000003,0.002893509775663272
2024-06-24,16029.0,-66.0,0.0,15963.0,16029.0,-66.0,0.0,15963.0,0.0,1015963.0,0.0,0.015963,0.0,5.554594422118149,1.696,436871,2.280999999959022,740935.497,-0.25906450300000006,-0.01567029494017902,275027.503,0.27502750300000006,0.01567029494017902
2024-06-25,16029.0,-66.0,0.0,15963.0,16029.0,-66.0,0.0,15963.0,0.0,1015963.0,0.0,0.015963,0.0,5.554594422118149,1.666,436871,2.280999999959022,727829.367,-0.272170633,-0.017688624789966023,288133.63300000003,0.288133633,0.017688624789966023
2024-06-26,16029.0,0.0,0.0,16029.0,16029.0,0.0,66.0,16029.0,0.0,1016029.0,6.6e-05,0.016029,0.0,5.724821341409766,1.699,436871,2.280999999959022,742246.11,-0.25775389000000004,0.019807861091705625,273782.89,0.27378289000000006,-0.019741861091705625
2024-06-27,16369.0,-340.0,0.0,16029.0,16369.0,-340.0,0.0,16029.0,0.0,1016029.0,0.0,0.016029,0.0,5.543246169778335,1.67,436871,2.280999999959022,729576.8509999999,-0.2704231490000001,-0.017068811583263233,286452.1490000001,0.2864521490000001,0.017068811583263233
2024-06-28,16369.0,-475.99999999999994,0.0,15893.0,16369.0,-475.99999999999994,-136.0,15893.0,-136.0,1015893.0,-0.000136,0.015893,-0.000136,4.737418490682072,1.652,436871,2.280999999959022,721713.173,-0.27828682700000007,-0.010778409415295398,294179.82700000005,0.29417982700000006,0.010642409415295397
2024-07-01,16369.0,-340.0,0.0,16029.0,16369.0,-340.0,136.0,16029.0,0.0,1016029.0,0.000136,0.016029,0.0,4.5840781187726485,1.65,436871,2.280999999959022,720839.4309999999,-0.2791605690000001,-0.0012106499267127147,295189.56900000013,0.2951895690000001,0.0013466499267127147
2024-07-02,16369.0,-407.99999999999994,0.0,15961.0,16369.0,-407.99999999999994,-68.0,15961.0,-68.0,1015961.0,-6.8e-05,0.015961,-6.8e-05,3.944365747396077,1.633,436871,2.280999999959022,713412.624,-0.28658737600000006,-0.010302997700468386,302548.37600000005,0.30254837600000006,0.010234997700468386
2024-07-03,16369.0,-340.0,0.0,16029.0,16369.0,-340.0,68.0,16029.0,0.0,1016029.0,6.8e-05,0.016029,0.0,4.160348591941946,1.629,436871,2.280999999959022,711665.14,-0.28833485999999997,-0.0024494716538684402,304363.86,0.30436386,0.00251747165386844
2024-07-04,16369.0,-475.99999999999994,0.0,15893.0,16369.0,-475.99999999999994,-136.0,15893.0,-136.0,1015893.0,-0.000136,0.015893,-0.000136,3.3941247471246845,1.616,436871,2.280999999959022,705985.817,-0.29401418299999993,-0.007980330468343566,309907.18299999996,0.3099071829999999,0.007844330468343565
2024-07-05,16369.0,-340.0,0.0,16029.0,16369.0,-340.0,136.0,16029.0,0.0,1016029.0,0.000136,0.016029,0.0,4.014252917842231,1.623,436871,2.280999999959022,709043.914,-0.290956086,0.0043316691728949586,306985.086,0.306985086,-0.004195669172894959
2024-07-08,16369.0,-748.0,0.0,15621.0,16369.0,-748.0,-408.0,15621.0,-408.0,1015621.0,-0.000408,0.015621,-0.000408,2.084573874407856,1.596,436871,2.280999999959022,697248.397,-0.30275160300000004,-0.016635806001713993,318372.603,0.31837260300000003,0.016227806001713994
2024-07-09,16369.0,-272.0,0.0,16097.0,16369.0,-272.0,476.0,16097.0,0.0,1016097.0,0.000476,0.016097,0.0,3.0457504520867684,1.62,436871,2.280999999959022,707733.301,-0.292266699,0.015037544790511781,308363.699,0.30836369900000005,-0.01456154479051178
2024-07-10,16369.0,-203.99999999999997,0.0,16165.0,16369.0,-203.99999999999997,68.0,16165.0,0.0,1016165.0,6.8e-05,0.016165,0.0,3.0500117362344747,1.618,436871,2.280999999959022,706859.559,-0.29314044100000003,-0.001234563922264842,309305.441,0.309305441,0.0013025639222648418
2024-07-11,16369.0,-136.0,0.0,16233.0,16369.0,-136.0,68.0,16233.0,0.0,1016233.0,6.8e-05,0.016233,0.0,3.3713850428719576,1.654,436871,2.280999999959022,722586.9149999999,-0.27741308500000006,0.022249619177888036,293646.0850000001,0.29364608500000006,-0.022181619177888037
2024-07-12,16369.0,-136.0,0.0,16233.0,16369.0,-136.0,0.0,16233.0,0.0,1016233.0,0.0,0.016233,0.0,3.3713850428719576,1.653,436871,2.280999999959022,722150.044,-0.27784995599999995,-0.0006045930128695254,294082.956,0.29408295599999995,0.0006045930128695254
2024-07-15,16369.0,-136.0,0.0,16233.0,16369.0,-136.0,0.0,16233.0,0.0,1016233.0,0.0,0.016233,0.0,3.5412542272067222,1.64,436871,2.280999999959022,716470.7209999999,-0.28352927900000013,-0.007864463967269475,299762.2790000001,0.29976227900000013,0.007864463967269475
2024-07-16,16369.0,-136.0,0.0,16233.0,16369.0,-136.0,0.0,16233.0,0.0,1016233.0,0.0,0.016233,0.0,3.2576657170531673,1.664,436871,2.280999999959022,726955.6249999999,-0.2730443750000001,0.014634099751300145,289277.3750000001,0.2892773750000001,-0.014634099751300145
2024-07-17,16369.0,-136.0,0.0,16233.0,16369.0,-136.0,0.0,16233.0,0.0,1016233.0,0.0,0.016233,0.0,3.2576657170531673,1.663,436871,2.280999999959022,726518.754,-0.273481246,-0.000600959652798494,289714.24600000004,0.289714246,0.000600959652798494
2024-07-18,16369.0,-68.0,0.0,16301.0,16369.0,-68.0,68.0,16301.0,0.0,1016301.0,6.8e-05,0.016301,0.0,3.261973811133383,1.686,436871,2.280999999959022,736566.7869999999,-0.2634332130000001,0.013830383516844513,279734.2130000001,0.2797342130000001,-0.013762383516844513
2024-07-19,16369.0,-68.0,0.0,16301.0,16369.0,-68.0,0.0,16301.0,0.0,1016301.0,0.0,0.016301,0.0,3.261973811133383,1.692,436871,2.280999999959022,739188.0129999999,-0.2608119870000001,0.0035587078405696637,277112.9870000001,0.2771129870000001,-0.0035587078405696637
2024-07-22,16369.0,-68.0,0.0,16301.0,16369.0,-68.0,0.0,16301.0,0.0,1016301.0,0.0,0.016301,0.0,3.261973811133383,1.693,436871,2.280999999959022,739624.884,-0.2603751160000001,0.0005910147246936948,276676.11600000004,0.2766761160000001,-0.0005910147246936948
2024-07-23,16369.0,-68.0,0.0,16301.0,16369.0,-68.0,0.0,16301.0,0.0,1016301.0,0.0,0.016301,0.0,3.1102954135021035,1.64,436871,2.280999999959022,716470.7209999999,-0.28352927900000013,-0.03130527852818976,299830.2790000001,0.29983027900000014,0.03130527852818976
2024-07-24,16369.0,0.0,0.0,16369.0,16369.0,0.0,68.0,16369.0,0.0,1016369.0,6.8e-05,0.016369,0.0,2.5898002241856055,1.619,436871,2.280999999959022,707296.4299999999,-0.29270357,-0.012804837282387682,309072.57000000007,0.30907257000000005,0.012872837282387683
2024-07-25,17931.0,-852.0,0.0,17079.0,17931.0,-852.0,710.0,17079.0,0.0,1017079.0,0.00071,0.017079,0.0,2.996073212993726,1.614,436871,2.280999999959022,705112.075,-0.29488792500000005,-0.0030883161675225868,311966.92500000005,0.31196692500000006,0.003798316167522587
2024-07-26,17931.0,-639.0,0.0,17292.0,17931.0,-639.0,213.0,17292.0,0.0,1017292.0,0.000213,0.017292,0.0,3.665042887514743,1.627,436871,2.280999999959022,710791.3979999999,-0.2892086020000001,0.008054496868458827,306500.6020000001,0.30650060200000007,-0.007841496868458827
2024-07-29,17931.0,-781.0,0.0,17150.0,17931.0,-781.0,-142.0,17150.0,-142.0,1017150.0,-0.000142,0.01715,-0.000142,3.2131298795870156,1.604,436871,2.280999999959022,700743.365,-0.299256635,-0.014136402084032995,316406.635,0.316406635,0.013994402084032995
2024-07-30,17931.0,-639.0,0.0,17292.0,17931.0,-639.0,142.0,17292.0,0.0,1017292.0,0.000142,0.017292,0.0,3.2294220061695396,1.601,436871,2.280999999959022,699432.752,-0.300567248,-0.0018703181014064763,317859.248,0.317859248,0.0020123181014064765
2024-07-31,17931.0,-213.0,0.0,17718.0,17931.0,-213.0,426.0,17718.0,0.0,1017718.0,0.000426,0.017718,0.0,3.6811487699216507,1.658,436871,2.280999999959022,724334.399,-0.27566560100000004,0.035602632174136506,293383.601,0.29338360100000005,-0.0351766321741365
2024-08-01,17931.0,-213.0,0.0,17718.0,17931.0,-213.0,0.0,17718.0,0.0,1017718.0,0.0,0.017718,0.0,3.6811487699216507,1.636,436871,2.280999999959022,714723.237,-0.28527676300000004,-0.013268957008349958,302994.76300000004,0.30299476300000006,0.013268957008349958
2024-08-02,17931.0,-497.0,0.0,17434.0,17931.0,-497.0,-284.0,17434.0,-284.0,1017434.0,-0.000284,0.017434,-0.000284,3.0468904708308058,1.609,436871,2.280999999959022,702927.72,-0.2970722800000001,-0.016503614811113287,314506.28,0.3145062800000001,0.016219614811113288
2024-08-05,17931.0,-2556.0,0.0,15375.0,17931.0,-2556.0,-2059.0,15375.0,-2343.0,1015375.0,-0.002059,0.015375,-0.002343,-0.27935363882226416,1.576,436871,2.280999999959022,688510.977,-0.31148902300000003,-0.020509566758869613,326864.02300000004,0.32686402300000006,0.018450566758869615
2024-08-06,17931.0,-922.9999999999999,0.0,17008.0,17931.0,-922.9999999999999,1633.0,17008.0,-710.0,1017008.0,0.001633,0.017008,-0.00071,0.931743176968339,1.597,436871,2.280999999959022,697685.2679999999,-0.30231473200000003,0.013324828951855494,319322.7320000001,0.31932273200000005,-0.011691828951855495
2024-08-07,17931.0,-781.0,0.0,17150.0,17931.0,-781.0,142.0,17150.0,-568.0,1017150.0,0.000142,0.01715,-0.000568,1.031970280420059,1.589,436871,2.280999999959022,694190.2999999999,-0.3058097000000001,-0.0050093762335253755,322959.70000000007,0.32295970000000007,0.005151376233525375
2024-08-08,17931.0,-639.0,0.0,17292.0,17931.0,-639.0,142.0,17292.0,-426.0,1017292.0,0.000142,0.017292,-0.000426,1.0852362226300534,1.582,436871,2.280999999959022,691132.203,-0.308867797,-0.004405271868535121,326159.797,0.326159797,0.004547271868535121
2024-08-09,17931.0,-852.0,0.0,17079.0,17931.0,-852.0,-213.0,17079.0,-639.0,1017079.0,-0.000213,0.017079,-0.000639,0.9307590539765779,1.566,436871,2.280999999959022,684142.267,-0.315857733,-0.010113746645950994,332936.733,0.332936733,0.009900746645950994
2024-08-12,17931.0,-852.0,0.0,17079.0,17931.0,-852.0,0.0,17079.0,-639.0,1017079.0,0.0,0.017079,-0.000639,0.9307590539765779,1.563,436871,2.280999999959022,682831.654,-0.317168346,-0.0019157024250922028,334247.346,0.334247346,0.0019157024250922028
2024-08-13,17931.0,-355.00000000000006,0.0,17576.0,17931.0,-355.00000000000006,497.0,17576.0,-142.0,1017576.0,0.000497,0.017576,-0.000142,1.2661892308593565,1.578,436871,2.280999999959022,689384.719,-0.3106152809999999,0.009596896924172205,328191.28099999996,0.3281912809999999,-0.009099896924172204
2024-08-14,17931.0,-497.0,0.0,17434.0,17931.0,-497.0,-142.0,17434.0,-284.0,1017434.0,-0.000142,0.017434,-0.000284,1.1649838856677592,1.555,436871,2.280999999959022,679336.686,-0.32066331400000003,-0.0145753636874566,338097.314,0.33809731400000004,0.0144333636874566
2024-08-15,17931.0,-426.0,0.0,17505.0,17931.0,-426.0,71.0,17505.0,-213.0,1017505.0,7.1e-05,0.017505,-0.000213,1.1684464074831364,1.565,436871,2.280999999959022,683705.396,-0.3162946040000001,0.006430846574359661,333799.60400000005,0.3337996040000001,-0.006359846574359661
2024-08-16,17931.0,-213.0,0.0,17718.0,17931.0,-213.0,213.0,17718.0,0.0,1017718.0,0.000213,0.017718,0.0,1.3612822644989941,1.561,436871,2.280999999959022,681957.9119999999,-0.3180420880000001,-0.002555902016019851,335760.0880000001,0.3357600880000001,0.002768902016019851
2024-08-19,17931.0,-142.0,0.0,17789.0,17931.0,-142.0,71.0,17789.0,0.0,1017789.0,7.1e-05,0.017789,0.0,1.4107434402840187,1.559,436871,2.280999999959022,681084.1699999999,-0.3189158300000001,-0.0012812256953476098,336704.8300000001,0.3367048300000001,0.0013522256953476099
2024-08-20,17931.0,-213.0,0.0,17718.0,17931.0,-213.0,-71.0,17718.0,-71.0,1017718.0,-7.1e-05,0.017718,-7.1e-05,1.3145225966001746,1.539,436871,2.280999999959022,672346.7499999999,-0.3276532500000001,-0.012828693405104508,345371.2500000001,0.34537125000000013,0.012757693405104508
2024-08-21,17931.0,-213.0,0.0,17718.0,17931.0,-213.0,0.0,17718.0,-71.0,1017718.0,0.0,0.017718,-7.1e-05,1.3611744121177092,1.529,436871,2.280999999959022,667978.0399999999,-0.33202196000000006,-0.00649770375182146,349739.9600000001,0.34973996000000007,0.00649770375182146
2024-08-22,17931.0,-213.0,0.0,17718.0,17931.0,-213.0,0.0,17718.0,-71.0,1017718.0,0.0,0.017718,-7.1e-05,1.3151847017615208,1.516,436871,2.280999999959022,662298.717,-0.337701283,-0.008502260044357057,355419.28300000005,0.35541928300000003,0.008502260044357057
2024-08-23,17931.0,-142.0,0.0,17789.0,17931.0,-142.0,71.0,17789.0,0.0,1017789.0,7.1e-05,0.017789,0.0,1.3646309049124914,1.517,436871,2.280999999959022,662735.5879999999,-0.3372644120000001,0.0006596283350492893,355053.4120000001,0.3550534120000001,-0.0005886283350492893
2024-08-26,17931.0,-71.0,0.0,17860.0,17931.0,-71.0,71.0,17860.0,0.0,1017860.0,7.1e-05,0.01786,0.0,1.3680873206775974,1.515,436871,2.280999999959022,661861.8459999999,-0.33813815400000014,-0.0013183870246605833,355998.1540000001,0.3559981540000001,0.0013893870246605834
2024-08-27,17931.0,-71.0,0.0,17860.0,17931.0,-71.0,0.0,17860.0,0.0,1017860.0,0.0,0.01786,0.0,1.3680873206775974,1.5,436871,2.280999999959022,655308.781,-0.344691219,-0.009900955976845927,362551.21900000004,0.362551219,0.009900955976845927
2024-08-28,17931.0,0.0,0.0,17931.0,17931.0,0.0,71.0,17931.0,0.0,1017931.0,7.1e-05,0.017931,0.0,1.417544337722307,1.501,436871,2.280999999959022,655745.6519999999,-0.3442543480000001,0.0006666643461319399,362185.3480000001,0.3621853480000001,-0.0005956643461319399
2024-08-29,18387.0,-304.0,0.0,18083.0,18387.0,-304.0,152.0,18083.0,0.0,1018083.0,0.000152,0.018083,0.0,1.522384536514389,1.513,436871,2.280999999959022,660988.1039999999,-0.33901189600000003,0.007994642410530384,357094.89600000007,0.35709489600000005,-0.007842642410530384
2024-08-30,18387.0,-152.0,0.0,18235.0,18387.0,-152.0,152.0,18235.0,0.0,1018235.0,0.000152,0.018235,0.0,1.6740049740560294,1.552,436871,2.280999999959022,678026.073,-0.32197392700000005,0.025776513823613456,340208.927,0.34020892700000005,-0.025624513823613457
2024-09-02,18387.0,-304.0,0.0,18083.0,18387.0,-304.0,-152.0,18083.0,-152.0,1018083.0,-0.000152,0.018083,-0.000152,1.6117473640699738,1.507,436871,2.280999999959022,658366.8779999999,-0.34163312200000007,-0.02899474781702094,359716.1220000001,0.3597161220000001,0.02884274781702094
2024-09-03,18387.0,-227.99999999999997,0.0,18159.0,18387.0,-227.99999999999997,76.0,18159.0,-76.0,1018159.0,7.6e-05,0.018159,-7.6e-05,1.5734774393732214,1.525,436871,2.280999999959022,666230.5559999999,-0.3337694440000001,0.011944218736957612,351928.44400000013,0.35192844400000006,-0.011868218736957613
2024-09-04,18387.0,-227.99999999999997,0.0,18159.0,18387.0,-227.99999999999997,0.0,18159.0,-76.0,1018159.0,0.0,0.018159,-7.6e-05,1.5734774393732214,1.525,436871,2.280999999959022,666230.5559999999,-0.3337694440000001,0.0,351928.44400000013,0.35192844400000006,0.0
2024-09-05,18387.0,-152.0,0.0,18235.0,18387.0,-152.0,76.0,18235.0,0.0,1018235.0,7.6e-05,0.018235,0.0,1.6263488020890144,1.536,436871,2.280999999959022,671036.137,-0.328963863,0.007213090058271199,347198.863,0.347198863,-0.007137090058271199
2024-09-06,18387.0,-227.99999999999997,0.0,18159.0,18387.0,-227.99999999999997,-76.0,18159.0,-76.0,1018159.0,-7.6e-05,0.018159,-7.6e-05,1.5724314168931832,1.508,436871,2.280999999959022,658803.749,-0.34119625100000006,-0.018229104701704024,359355.25100000005,0.35935525100000004,0.018153104701704025
2024-09-09,18387.0,-152.0,0.0,18235.0,18387.0,-152.0,76.0,18235.0,0.0,1018235.0,7.6e-05,0.018235,0.0,1.625267625273075,1.513,436871,2.280999999959022,660988.1039999999,-0.33901189600000003,0.0033156383874797246,357246.89600000007,0.35724689600000004,-0.0032396383874797245
2024-09-10,18387.0,-152.0,0.0,18235.0,18387.0,-152.0,0.0,18235.0,0.0,1018235.0,0.0,0.018235,0.0,1.625267625273075,1.512,436871,2.280999999959022,660551.233,-0.33944876700000004,-0.0006609362518874562,357683.767,0.35768376700000004,0.0006609362518874562
2024-09-11,18387.0,-152.0,0.0,18235.0,18387.0,-152.0,0.0,18235.0,0.0,1018235.0,0.0,0.018235,0.0,1.625267625273075,1.528,436871,2.280999999959022,667541.169,-0.33245883099999995,0.01058197404046024,350693.831,0.35069383099999996,-0.01058197404046024
2024-09-12,18387.0,-152.0,0.0,18235.0,18387.0,-152.0,0.0,18235.0,0.0,1018235.0,0.0,0.018235,0.0,1.5793225692684796,1.525,436871,2.280999999959022,666230.5559999999,-0.3337694440000001,-0.0019633440765360888,352004.44400000013,0.3520044440000001,0.0019633440765360888
2024-09-13,18387.0,-152.0,0.0,18235.0,18387.0,-152.0,0.0,18235.0,0.0,1018235.0,0.0,0.018235,0.0,1.5793225692684796,1.509,436871,2.280999999959022,659240.6199999999,-0.34075938000000017,-0.010491767357485138,358994.3800000001,0.35899438000000017,0.010491767357485138
2024-09-18,18387.0,-76.0,0.0,18311.0,18387.0,-76.0,76.0,18311.0,0.0,1018311.0,7.6e-05,0.018311,0.0,1.63215915688289,1.504,436871,2.280999999959022,657056.265,-0.34294373499999997,-0.0033134411529432972,361254.735,0.361254735,0.0033894411529432973
2024-09-19,18387.0,-76.0,0.0,18311.0,18387.0,-76.0,0.0,18311.0,0.0,1018311.0,0.0,0.018311,0.0,1.63215915688289,1.519,436871,2.280999999959022,663609.33,-0.33639067,0.0099733696322033,354701.67000000004,0.35470167,-0.0099733696322033
2024-09-20,18387.0,-76.0,0.0,18311.0,18387.0,-76.0,0.0,18311.0,0.0,1018311.0,0.0,0.018311,0.0,1.586213501407556,1.508,436871,2.280999999959022,658803.749,-0.34119625100000006,-0.007241581428639621,359507.25100000005,0.3595072510000001,0.007241581428639621
2024-09-23,18387.0,-76.0,0.0,18311.0,18387.0,-76.0,0.0,18311.0,0.0,1018311.0,0.0,0.018311,0.0,1.586213501407556,1.501,436871,2.280999999959022,655745.6519999999,-0.3442543480000001,-0.004641893742471814,362565.3480000001,0.3625653480000001,0.004641893742471814
2024-09-24,18387.0,-76.0,0.0,18311.0,18387.0,-76.0,0.0,18311.0,0.0,1018311.0,0.0,0.018311,0.0,1.6835719456986757,1.587,436871,2.280999999959022,693316.558,-0.3066834420000001,0.05729493727546675,324994.44200000004,0.3249944420000001,-0.05729493727546675
2024-09-25,18387.0,0.0,0.0,18387.0,18387.0,0.0,76.0,18387.0,0.0,1018387.0,7.6e-05,0.018387,0.0,1.6425491987778154,1.61,436871,2.280999999959022,703364.591,-0.29663540899999996,0.014492705942269035,315022.409,0.31502240899999995,-0.014416705942269036
2024-09-26,18683.0,-296.0,0.0,18387.0,18683.0,-296.0,0.0,18387.0,0.0,1018387.0,0.0,0.018387,0.0,1.6908985537670789,1.686,436871,2.280999999959022,736566.7869999999,-0.2634332130000001,0.04720481585914782,281820.2130000001,0.2818202130000001,-0.04720481585914782
2024-09-27,18683.0,-296.0,0.0,18387.0,18683.0,-296.0,0.0,18387.0,0.0,1018387.0,0.0,0.018387,0.0,1.6434273802606816,1.86,436871,2.280999999959022,812582.341,-0.18741765899999996,0.10320252737651625,205804.65899999999,0.20580465899999995,-0.10320252737651625
2024-09-30,18683.0,-370.0,0.0,18313.0,18683.0,-370.0,-74.0,18313.0,-74.0,1018313.0,-7.4e-05,0.018313,-7.4e-05,1.6883929648879148,2.232,436871,2.280999999959022,975098.353,-0.02490164699999997,0.19999943857997282,43214.647,0.04321464699999997,-0.2000734385799728
2024-10-08,18683.0,-1184.0,0.0,17499.0,18683.0,-1184.0,-814.0,17499.0,-888.0,1017499.0,-0.000814,0.017499,-0.000888,0.9860631028728405,2.678,436871,2.280999999959022,1169942.819,0.16994281899999986,0.19982032109944492,-152443.8189999999,-0.15244381899999987,-0.20063432109944493
2024-10-09,18683.0,-443.99999999999994,0.0,18239.0,18683.0,-443.99999999999994,740.0,18239.0,-148.0,1018239.0,0.00074,0.018239,-0.000148,1.7283110926243934,2.242,436871,2.280999999959022,979467.063,-0.02053293700000003,-0.16280774829902178,38771.937000000034,0.03877193700000003,0.16354774829902177
2024-10-10,18683.0,-370.0,0.0,18313.0,18683.0,-370.0,74.0,18313.0,-74.0,1018313.0,7.4e-05,0.018313,-7.4e-05,1.4774621882473318,2.174,436871,2.280999999959022,949759.835,-0.05024016500000006,-0.030329991811067214,68553.16500000004,0.06855316500000005,0.030403991811067215
2024-10-11,18683.0,-296.0,0.0,18387.0,18683.0,-296.0,74.0,18387.0,0.0,1018387.0,7.4e-05,0.018387,0.0,1.481430536132167,2.06,436871,2.280999999959022,899956.541,-0.100043459,-0.052437776545899095,118430.45900000003,0.118430459,0.05251177654589909
2024-10-14,18683.0,-148.0,0.0,18535.0,18683.0,-148.0,148.0,18535.0,0.0,1018535.0,0.000148,0.018535,0.0,1.5338546744329258,2.116,436871,2.280999999959022,924421.317,-0.07557868299999992,0.02718439711857168,94113.68299999996,0.09411368299999992,-0.02703639711857168
2024-10-15,18683.0,-221.99999999999997,0.0,18461.0,18683.0,-221.99999999999997,-74.0,18461.0,-74.0,1018461.0,-7.4e-05,0.018461,-7.4e-05,1.4836801524737162,2.045,436871,2.280999999959022,893403.4759999999,-0.10659652400000008,-0.033553792442456376,125057.52400000009,0.1250575240000001,0.03347979244245638
2024-10-16,18683.0,-148.0,0.0,18535.0,18683.0,-148.0,74.0,18535.0,0.0,1018535.0,7.4e-05,0.018535,0.0,1.53296756078488,2.0,436871,2.280999999959022,873744.281,-0.126255719,-0.022004833793594858,144790.71900000004,0.14479071899999998,0.02207883379359486
2024-10-17,18683.0,-148.0,0.0,18535.0,18683.0,-148.0,0.0,18535.0,0.0,1018535.0,0.0,0.018535,0.0,1.53296756078488,1.995,436871,2.280999999959022,871559.926,-0.12844007400000002,-0.0024999934734908358,146975.07400000002,0.146975074,0.0024999934734908358
2024-10-18,18683.0,-148.0,0.0,18535.0,18683.0,-148.0,0.0,18535.0,0.0,1018535.0,0.0,0.018535,0.0,1.53296756078488,2.156,436871,2.280999999959022,941896.157,-0.058103843000000044,0.08070154317765188,76638.843,0.07663884300000004,-0.08070154317765188
2024-10-21,18683.0,-148.0,0.0,18535.0,18683.0,-148.0,0.0,18535.0,0.0,1018535.0,0.0,0.018535,0.0,1.487643830812281,2.167,436871,2.280999999959022,946701.7379999999,-0.053298262000000096,0.005102028460659547,71833.2620000001,0.07183326200000009,-0.005102028460659547
2024-10-22,18683.0,-74.0,0.0,18609.0,18683.0,-74.0,74.0,18609.0,0.0,1018609.0,7.4e-05,0.018609,0.0,1.5369314071028128,2.175,436871,2.280999999959022,950196.7059999999,-0.049803294000000164,0.0036917308374055935,68412.29400000011,0.06841229400000017,-0.0036177308374055936
2024-10-23,18683.0,0.0,0.0,18683.0,18683.0,0.0,74.0,18683.0,0.0,1018683.0,7.4e-05,0.018683,0.0,1.5862349234694542,2.162,436871,2.280999999959022,944517.3829999999,-0.05548261700000012,-0.005976997146104557,74165.61700000009,0.07416561700000013,0.006050997146104557
2024-10-24,27269.0,-6534.0,0.0,20735.0,27269.0,-6534.0,2052.0,20735.0,0.0,1020735.0,0.002052,0.020735,0.0,2.4778850732532973,2.132,436871,2.280999999959022,931411.253,-0.06858874699999995,-0.013876007192553552,89323.74699999997,0.08932374699999995,0.01592800719255355
2024-10-25,27269.0,-4158.0,0.0,23111.0,27269.0,-4158.0,2376.0,23111.0,0.0,1023111.0,0.002376,0.023111,0.0,3.1986265127690188,2.196,436871,2.280999999959022,959370.9970000001,-0.04062900299999994,0.03001868821097453,63740.00299999991,0.06374000299999993,-0.02764268821097453
2024-10-28,27269.0,-3726.0,0.0,23543.0,27269.0,-3726.0,432.0,23543.0,0.0,1023543.0,0.000432,0.023543,0.0,3.0880144447015847,2.188,436871,2.280999999959022,955876.029,-0.044123970999999984,-0.003642978587980128,67666.97100000002,0.06766697099999999,0.004074978587980128
2024-10-29,27269.0,-6210.0,0.0,21059.0,27269.0,-6210.0,-2484.0,21059.0,-2484.0,1021059.0,-0.002484,0.021059,-0.002484,1.5443821588097415,2.135,436871,2.280999999959022,932721.8659999999,-0.06727813400000004,-0.02422297693166664,88337.13400000008,0.08833713400000004,0.02173897693166664
2024-10-30,27269.0,-6426.000000000001,0.0,20843.0,27269.0,-6426.000000000001,-216.0,20843.0,-2700.0,1020843.0,-0.000216,0.020843,-0.0027,1.5129637158290532,2.111,436871,2.280999999959022,922236.962,-0.07776303799999995,-0.011241190307850979,98606.03799999994,0.09860603799999995,0.01102519030785098
2024-10-31,27269.0,-6858.0,0.0,20411.0,27269.0,-6858.0,-432.0,20411.0,-3132.0,1020411.0,-0.000432,0.020411,-0.003132,1.2719318182010353,2.122,436871,2.280999999959022,927042.543,-0.072957457,0.005210787680400841,93368.45700000005,0.093368457,-0.005642787680400841
2024-11-01,27269.0,-10854.0,0.0,16415.0,27269.0,-10854.0,-3996.0,16415.0,-7128.0,1016415.0,-0.003996,0.016415,-0.007128,-0.416148872809586,2.084,436871,2.280999999959022,910441.445,-0.0895585550000001,-0.017907590245294758,105973.55500000005,0.1059735550000001,0.013911590245294758
2024-11-04,27269.0,-6264.0,0.0,21005.0,27269.0,-6264.0,4590.0,21005.0,-2538.0,1021005.0,0.00459,0.021005,-0.002538,0.8548827329329876,2.145,436871,2.280999999959022,937090.576,-0.06290942399999999,0.02927056006331097,83914.424,0.08391442399999999,-0.02468056006331097
2024-11-05,27269.0,-3456.0,0.0,23813.0,27269.0,-3456.0,2808.0,23813.0,0.0,1023813.0,0.002808,0.023813,0.0,1.5692911178580848,2.249,436871,2.280999999959022,982525.16,-0.01747483999999999,0.04848473046643886,41287.83999999997,0.04128783999999999,-0.045676730466438865
2024-11-06,27269.0,-3564.0,0.0,23705.0,27269.0,-3564.0,-108.0,23705.0,-108.0,1023705.0,-0.000108,0.023705,-0.000108,2.122484058831205,2.223,436871,2.280999999959022,971166.5139999999,-0.02883348600000013,-0.011560666802670205,52538.48600000015,0.052538486000000134,0.011452666802670205
2024-11-07,27269.0,-1512.0,0.0,25757.0,27269.0,-1512.0,2052.0,25757.0,0.0,1025757.0,0.002052,0.025757,0.0,2.205095493639952,2.306,436871,2.280999999959022,1007426.807,0.007426807000000091,0.037336844379706635,18330.19299999997,0.018330192999999908,-0.03528484437970664
2024-11-08,27269.0,-2214.0,0.0,25055.0,27269.0,-2214.0,-702.0,25055.0,-702.0,1025055.0,-0.000702,0.025055,-0.000702,1.98180760224398,2.282,436871,2.280999999959022,996941.9029999999,-0.0030580970000000374,-0.010407608698862147,28113.097000000067,0.028113097000000038,0.009705608698862148
2024-11-11,27269.0,-1566.0,0.0,25703.0,27269.0,-1566.0,648.0,25703.0,-54.0,1025703.0,0.000648,0.025703,-5.4e-05,2.104539447310084,2.349,436871,2.280999999959022,1026212.26,0.026212260000000098,0.029360143165734875,-509.2600000000093,-0.0005092600000000981,-0.028712143165734876
2024-11-12,27269.0,-2106.0,0.0,25163.0,27269.0,-2106.0,-540.0,25163.0,-594.0,1025163.0,-0.00054,0.025163,-0.000594,2.0176714897906622,2.345,436871,2.280999999959022,1024464.7760000001,0.024464776000000077,-0.0017028484925720733,698.2239999999292,0.0006982239999999244,0.0011628484925720732
2024-11-13,27269.0,-1188.0,0.0,26081.0,27269.0,-1188.0,918.0,26081.0,0.0,1026081.0,0.000918,0.026081,0.0,2.23716982881712,2.372,436871,2.280999999959022,1036260.293,0.036260293,0.011513833639117621,-10179.292999999947,-0.010179292999999999,-0.01059583363911762
2024-11-14,27269.0,-1242.0,0.0,26027.0,27269.0,-1242.0,-54.0,26027.0,-54.0,1026027.0,-5.4e-05,0.026027,-5.4e-05,2.101531254145977,2.288,436871,2.280999999959022,999563.1289999998,-0.00043687100000011636,-0.035413075506117164,26463.87100000016,0.026463871000000118,0.035359075506117166
2024-11-15,27269.0,-1404.0,0.0,25865.0,27269.0,-1404.0,-162.0,25865.0,-216.0,1025865.0,-0.000162,0.025865,-0.000216,2.096377134724169,2.204,436871,2.280999999959022,962865.9650000001,-0.0371340349999999,-0.036713202933678635,62999.034999999916,0.0629990349999999,0.03655120293367863
2024-11-18,27269.0,-1782.0,0.0,25487.0,27269.0,-1782.0,-378.0,25487.0,-594.0,1025487.0,-0.000378,0.025487,-0.000594,1.9809357964980778,2.149,436871,2.280999999959022,938838.0599999999,-0.06116194000000008,-0.024954568832433632,86648.94000000006,0.08664894000000008,0.024576568832433632
2024-11-19,27269.0,-594.0,0.0,26675.0,27269.0,-594.0,1188.0,26675.0,0.0,1026675.0,0.001188,0.026675,0.0,2.205339722496651,2.215,436871,2.280999999959022,967671.5459999999,-0.03232845400000017,0.030711884432976566,59003.45400000014,0.05900345400000018,-0.029523884432976565
2024-11-20,27269.0,-378.0,0.0,26891.0,27269.0,-378.0,216.0,26891.0,0.0,1026891.0,0.000216,0.026891,0.0,2.241073560720969,2.223,436871,2.280999999959022,971166.5139999999,-0.02883348600000013,0.003611729635377703,55724.48600000015,0.05572448600000013,-0.003395729635377703
2024-11-21,27269.0,-216.0,0.0,27053.0,27269.0,-216.0,162.0,27053.0,0.0,1027053.0,0.000162,0.027053,0.0,2.2992786762908812,2.223,436871,2.280999999959022,971166.5139999999,-0.02883348600000013,0.0,55886.48600000015,0.05588648600000013,0.000162
2024-11-22,27269.0,-594.0,0.0,26675.0,27269.0,-594.0,-378.0,26675.0,-378.0,1026675.0,-0.000378,0.026675,-0.000378,2.202073131074415,2.136,436871,2.280999999959022,933158.737,-0.06684126300000004,-0.03913621037390902,93516.26300000004,0.09351626300000004,0.038758210373909016
2024-11-25,27269.0,-108.0,0.0,27161.0,27269.0,-108.0,486.0,27161.0,0.0,1027161.0,0.000486,0.027161,0.0,2.3201013974061797,2.132,436871,2.280999999959022,931411.253,-0.06858874699999995,-0.0018726545985283671,95749.74699999997,0.09574974699999995,0.002358654598528367
2024-11-26,27269.0,-54.0,0.0,27215.0,27269.0,-54.0,54.0,27215.0,0.0,1027215.0,5.4e-05,0.027215,0.0,2.315870966314021,2.109,436871,2.280999999959022,921363.22,-0.07863678000000007,-0.010787966075819,105851.78000000003,0.10585178000000008,0.010841966075819
2024-11-27,27269.0,0.0,0.0,27269.0,27269.0,0.0,54.0,27269.0,0.0,1027269.0,5.4e-05,0.027269,0.0,2.3116408923296725,2.165,436871,2.280999999959022,945827.9959999999,-0.05417200400000011,0.026552802921740115,81441.00400000007,0.08144100400000011,-0.026498802921740117
2024-11-28,31481.0,-3726.0,0.0,27755.0,31481.0,-3726.0,486.0,27755.0,0.0,1027755.0,0.000486,0.027755,0.0,2.4296499118047645,2.128,436871,2.280999999959022,929663.769,-0.07033623100000008,-0.017090028068909024,98091.23100000003,0.09809123100000008,0.017576028068909025
2024-11-29,31481.0,-1674.0,0.0,29807.0,31481.0,-1674.0,2052.0,29807.0,0.0,1029807.0,0.002052,0.029807,0.0,2.8457204143071935,2.179,436871,2.280999999959022,951944.1899999998,-0.04805581000000014,0.02396610661074372,77862.81000000017,0.07786281000000014,-0.021914106610743722
2024-12-02,31481.0,-1566.0,0.0,29915.0,31481.0,-1566.0,108.0,29915.0,0.0,1029915.0,0.000108,0.029915,0.0,2.8350619376083555,2.211,436871,2.280999999959022,965924.0619999999,-0.03407593800000008,0.014685600423697265,63990.93800000008,0.06399093800000008,-0.014577600423697264
2024-12-03,31481.0,-1080.0,0.0,30401.0,31481.0,-1080.0,486.0,30401.0,0.0,1030401.0,0.000486,0.030401,0.0,2.9135088271833554,2.198,436871,2.280999999959022,960244.739,-0.03975526100000004,-0.005879678562143553,70156.26100000006,0.07015626100000004,0.0063656785621435535
2024-12-04,31481.0,-1674.0,0.0,29807.0,31481.0,-1674.0,-594.0,29807.0,-594.0,1029807.0,-0.000594,0.029807,-0.000594,2.7980145267874676,2.17,436871,2.280999999959022,948012.3509999999,-0.05198764900000008,-0.01273882324285247,81794.64900000009,0.08179464900000008,0.01214482324285247
2024-12-05,31481.0,-972.0,0.0,30509.0,31481.0,-972.0,702.0,30509.0,0.0,1030509.0,0.000702,0.030509,0.0,2.942711432845856,2.177,436871,2.280999999959022,951070.448,-0.04892955200000004,0.0032257986900425806,79438.55200000003,0.07943855200000005,-0.0025237986900425806
2024-12-06,31481.0,-432.0,0.0,31049.0,31481.0,-432.0,540.0,31049.0,0.0,1031049.0,0.00054,0.031049,0.0,3.0700437312661317,2.224,436871,2.280999999959022,971603.385,-0.028396615000000014,0.02158929135394616,59445.61499999999,0.059445615000000014,-0.021049291353946162
2024-12-09,31481.0,-378.0,0.0,31103.0,31481.0,-378.0,54.0,31103.0,0.0,1031103.0,5.4e-05,0.031103,0.0,3.064667663756826,2.206,436871,2.280999999959022,963739.7069999999,-0.03626029300000011,-0.008093506178964205,67363.29300000006,0.0673632930000001,0.008147506178964205
2024-12-10,31481.0,-324.0,0.0,31157.0,31481.0,-324.0,54.0,31157.0,0.0,1031157.0,5.4e-05,0.031157,0.0,3.0968607145780225,2.221,436871,2.280999999959022,970292.772,-0.02970722800000003,0.006799621259145683,60864.228,0.060864228000000034,-0.006745621259145683
2024-12-11,31481.0,-324.0,0.0,31157.0,31481.0,-324.0,0.0,31157.0,0.0,1031157.0,0.0,0.031157,0.0,3.078190435364736,2.218,436871,2.280999999959022,968982.159,-0.031017841000000046,-0.0013507397332235271,62174.841000000015,0.06217484100000005,0.0013507397332235271
2024-12-12,31481.0,-270.0,0.0,31211.0,31481.0,-270.0,54.0,31211.0,0.0,1031211.0,5.4e-05,0.031211,0.0,3.09147985082071,2.248,436871,2.280999999959022,982088.2890000001,-0.017911710999999886,0.013525666988054574,49122.710999999894,0.04912271099999989,-0.013471666988054574
2024-12-13,31481.0,-324.0,0.0,31157.0,31481.0,-324.0,-54.0,31157.0,-54.0,1031157.0,-5.4e-05,0.031157,-5.4e-05,3.078069169227286,2.193,436871,2.280999999959022,958060.384,-0.04193961600000007,-0.024466135345597384,73096.61600000004,0.07309661600000007,0.024412135345597386
2024-12-16,31481.0,-216.0,0.0,31265.0,31481.0,-216.0,108.0,31265.0,0.0,1031265.0,0.000108,0.031265,0.0,3.1045302801396324,2.158,436871,2.280999999959022,942769.899,-0.05723010100000003,-0.015959834322927136,88495.10100000002,0.08849510100000003,0.016067834322927136
2024-12-17,31481.0,-216.0,0.0,31265.0,31481.0,-216.0,0.0,31265.0,0.0,1031265.0,0.0,0.031265,0.0,3.1045302801396324,2.159,436871,2.280999999959022,943206.7699999999,-0.05679323000000014,0.00046339090849567555,88058.2300000001,0.08805823000000014,-0.00046339090849567555
2024-12-18,31481.0,-108.0,0.0,31373.0,31481.0,-108.0,108.0,31373.0,0.0,1031373.0,0.000108,0.031373,0.0,3.112323460920595,2.158,436871,2.280999999959022,942769.899,-0.05723010100000003,-0.0004631762768199099,88603.10100000002,0.08860310100000003,0.0005711762768199099
2024-12-19,31481.0,-108.0,0.0,31373.0,31481.0,-108.0,0.0,31373.0,0.0,1031373.0,0.0,0.031373,0.0,3.112323460920595,2.171,436871,2.280999999959022,948449.2219999998,-0.051550778000000186,0.006024081810443782,82923.77800000017,0.08292377800000018,-0.006024081810443782
2024-12-20,31481.0,-108.0,0.0,31373.0,31481.0,-108.0,0.0,31373.0,0.0,1031373.0,0.0,0.031373,0.0,3.112323460920595,2.169,436871,2.280999999959022,947575.48,-0.052424519999999974,-0.0009212322386193961,83797.52000000002,0.08379751999999997,0.0009212322386193961
2024-12-23,31481.0,-54.0,0.0,31427.0,31481.0,-54.0,54.0,31427.0,0.0,1031427.0,5.4e-05,0.031427,0.0,3.1256263596193787,2.147,436871,2.280999999959022,937964.3179999999,-0.06203568200000009,-0.010142898589988958,93462.68200000015,0.09346268200000009,0.010196898589988958
2024-12-24,31481.0,-54.0,0.0,31427.0,31481.0,-54.0,0.0,31427.0,0.0,1031427.0,0.0,0.031427,0.0,3.1256263596193787,2.17,436871,2.280999999959022,948012.3509999999,-0.05198764900000008,0.010712596212002268,83414.64900000009,0.08341464900000008,-0.010712596212002268
2024-12-25,31481.0,0.0,0.0,31481.0,31481.0,0.0,54.0,31481.0,0.0,1031481.0,5.4e-05,0.031481,0.0,3.120241224212457,2.156,436871,2.280999999959022,941896.157,-0.058103843000000044,-0.00645159738008505,89584.843,0.08958484300000005,0.00650559738008505
2024-12-26,36275.0,-2601.0,0.0,33674.0,36275.0,-2601.0,2193.0,33674.0,0.0,1033674.0,0.002193,0.033674,0.0,3.553344756995186,2.166,436871,2.280999999959022,946264.867,-0.05373513299999999,0.0046382076915088,87409.13300000003,0.087409133,-0.0024452076915088
2024-12-27,36275.0,-2141.9999999999995,0.0,34133.0,36275.0,-2141.9999999999995,459.0,34133.0,0.0,1034133.0,0.000459,0.034133,0.0,3.660664980427081,2.163,436871,2.280999999959022,944954.2539999998,-0.05504574600000012,-0.0013850382125621952,89178.74600000016,0.08917874600000011,0.0018440382125621952
2024-12-30,36275.0,-1938.0,0.0,34337.0,36275.0,-1938.0,204.0,34337.0,0.0,1034337.0,0.000204,0.034337,0.0,3.7279599817024205,2.165,436871,2.280999999959022,945827.9959999999,-0.05417200400000011,0.0009246394693727122,88509.00400000007,0.08850900400000011,-0.0007206394693727123
2024-12-31,36275.0,-5049.0,0.0,31226.0,36275.0,-5049.0,-3111.0,31226.0,-3111.0,1031226.0,-0.003111,0.031226,-0.003111,3.003107446820945,2.102,436871,2.280999999959022,918305.1229999999,-0.08169487700000011,-0.02909923698219652,112920.8770000001,0.11292087700000011,0.02598823698219652
2025-01-02,36275.0,-20094.0,0.0,16181.0,36275.0,-20094.0,-15045.0,16181.0,-18156.0,1016181.0,-0.015045,0.016181,-0.018156,-0.23702613987843446,2.019,436871,2.280999999959022,882044.83,-0.11795517,-0.03948610553488108,134136.17000000004,0.13413617,0.024441105534881078
2025-01-03,36275.0,-24225.0,0.0,12050.0,36275.0,-24225.0,-4131.0,12050.0,-22287.0,1012050.0,-0.004131,0.01205,-0.022287,-0.7032627848895342,1.978,436871,2.280999999959022,864133.119,-0.1358668810000001,-0.020307030199360754,147916.88100000005,0.1479168810000001,0.016176030199360755
2025-01-06,36275.0,-22848.0,0.0,13427.0,36275.0,-22848.0,1377.0,13427.0,-20910.0,1013427.0,0.001377,0.013427,-0.02091,-0.5551750693904235,1.976,436871,2.280999999959022,863259.377,-0.136740623,-0.0010111196768052277,150167.62300000002,0.150167623,0.0023881196768052275
2025-01-07,36275.0,-14637.0,0.0,21638.0,36275.0,-14637.0,8211.0,21638.0,-12699.0,1021638.0,0.008211,0.021638,-0.012699,0.31682208985384736,1.99,436871,2.280999999959022,869375.571,-0.13062442900000004,0.007085001522086021,152262.429,0.15226242900000003,0.0011259984779139788
2025-01-08,36275.0,-18258.0,0.0,18017.0,36275.0,-18258.0,-3621.0,18017.0,-16320.0,1018017.0,-0.003621,0.018017,-0.01632,-0.04460495644019441,1.968,436871,2.280999999959022,859764.409,-0.14023559100000005,-0.011055247375935329,158252.59100000001,0.15825259100000005,0.007434247375935329
2025-01-09,36275.0,-16779.0,0.0,19496.0,36275.0,-16779.0,1479.0,19496.0,-14841.0,1019496.0,0.001479,0.019496,-0.014841,0.09629289489156032,1.971,436871,2.280999999959022,861075.022,-0.13892497800000003,0.0015243861996152575,158420.978,0.15842097800000005,-4.538619961525739e-05
2025-01-10,36275.0,-24633.000000000004,0.0,11641.999999999996,36275.0,-24633.000000000004,-7854.000000000004,11641.999999999996,-22695.000000000004,1011642.0,-0.007854000000000003,0.011641999999999996,-0.022695000000000003,-0.6453003774361498,1.938,436871,2.280999999959022,846658.279,-0.153341721,-0.016742725815590997,164983.72100000002,0.16498372099999997,0.008888725815590994
2025-01-13,36275.0,-22338.0,0.0,13937.0,36275.0,-22338.0,2295.0000000000036,13937.0,-20400.0,1013937.0,0.0022950000000000036,0.013937,-0.0204,-0.42790970135848494,1.942,436871,2.280999999959022,848405.7629999999,-0.15159423700000008,0.002063977927510452,165531.23700000008,0.16553123700000008,0.00023102207248955169
2025-01-14,36275.0,-5508.000000000001,0.0,30767.0,36275.0,-5508.000000000001,16830.0,30767.0,-3570.0,1030767.0,0.01683,0.030767,-0.00357,0.9057239421397976,2.036,436871,2.280999999959022,889471.637,-0.11052836300000002,0.04840357738116885,141295.363,0.141295363,-0.03157357738116885
2025-01-15,36275.0,-8262.0,0.0,28013.0,36275.0,-8262.0,-2754.0,28013.0,-6324.0,1028013.0,-0.002754,0.028013,-0.006324,0.6924478932964133,1.999,436871,2.280999999959022,873307.41,-0.12669259,-0.018172841412367524,154705.58999999997,0.15470559,0.015418841412367525
2025-01-16,36275.0,-6528.000000000001,0.0,29747.0,36275.0,-6528.000000000001,1734.0,29747.0,-4590.0,1029747.0,0.001734,0.029747,-0.00459,0.8134018144627613,2.01,436871,2.280999999959022,878112.9909999999,-0.12188700900000005,0.005502737002998526,151634.00900000008,0.15163400900000004,-0.0037687370029985253
2025-01-17,36275.0,-3570.0,0.0,32705.0,36275.0,-3570.0,2958.0,32705.0,-1632.0,1032705.0,0.002958,0.032705,-0.001632,0.8776453556703478,2.026,436871,2.280999999959022,885102.9269999999,-0.11489707300000007,0.007960178327438117,147602.0730000001,0.14760207300000006,-0.005002178327438116
2025-01-20,36275.0,-816.0000000000001,0.0,35459.0,36275.0,-816.0000000000001,2754.0,35459.0,0.0,1035459.0,0.002754,0.035459,0.0,0.9043274389262044,2.062,436871,2.280999999959022,900830.2829999999,-0.0991697170000001,0.01776895716897786,134628.71700000006,0.1346287170000001,-0.015014957168977862
2025-01-21,36275.0,-51.00000000000001,0.0,36224.0,36275.0,-51.00000000000001,765.0,36224.0,0.0,1036224.0,0.000765,0.036224,0.0,0.9285613177100739,2.07,436871,2.280999999959022,904325.2509999999,-0.09567474900000006,0.0038797185951173763,131898.74900000007,0.13189874900000007,-0.003114718595117376
2025-01-22,36275.0,0.0,0.0,36275.0,36275.0,0.0,51.0,36275.0,0.0,1036275.0,5.1e-05,0.036275,0.0,1.119447450769454,2.059,436871,2.280999999959022,899519.67,-0.10048033,-0.005313996258189069,136755.32999999996,0.13675533,0.0053649962581890686
2025-01-23,38384.0,-3021.0,0.0,35363.0,38384.0,-3021.0,-912.0,35363.0,-912.0,1035363.0,-0.000912,0.035363,-0.000912,1.0674654587157757,2.052,436871,2.280999999959022,896461.573,-0.10353842700000004,-0.0033996999754325463,138901.42700000003,0.13890142700000005,0.0024876999754325463
2025-01-24,38384.0,-1596.0,0.0,36788.0,38384.0,-1596.0,1425.0,36788.0,0.0,1036788.0,0.001425,0.036788,0.0,1.2032992351084024,2.084,436871,2.280999999959022,910441.445,-0.0895585550000001,0.015594502230827922,126346.55500000005,0.12634655500000008,-0.014169502230827923
2025-01-27,38384.0,-2508.0000000000005,0.0,35876.0,38384.0,-2508.0000000000005,-912.0,35876.0,-912.0,1035876.0,-0.000912,0.035876,-0.000912,1.4457587670800391,2.028,436871,2.280999999959022,885976.669,-0.11402333100000006,-0.026871333828613175,149899.331,0.14989933100000005,0.025959333828613176
2025-02-05,38384.0,-1083.0,0.0,37301.0,38384.0,-1083.0,1425.0,37301.0,0.0,1037301.0,0.001425,0.037301,0.0,1.2245081568055656,2.024,436871,2.280999999959022,884229.1849999999,-0.11577081500000008,-0.0019723815097438813,153071.81500000006,0.15307181500000008,0.0033973815097438813
2025-02-06,38384.0,-456.0,0.0,37928.0,38384.0,-456.0,627.0,37928.0,0.0,1037928.0,0.000627,0.037928,0.0,1.0652067160055154,2.08,436871,2.280999999959022,908693.961,-0.091306039,0.027667912816064844,129234.03899999999,0.12923403900000002,-0.027040912816064844
2025-02-07,38384.0,-399.0,0.0,37985.0,38384.0,-399.0,57.0,37985.0,0.0,1037985.0,5.7e-05,0.037985,0.0,1.0777218617284068,2.131,436871,2.280999999959022,930974.3819999999,-0.06902561800000018,0.024519169221154158,107010.61800000013,0.10701061800000017,-0.024462169221154156
2025-02-10,38384.0,-399.0,0.0,37985.0,38384.0,-399.0,0.0,37985.0,0.0,1037985.0,0.0,0.037985,0.0,0.9249305324892666,2.142,436871,2.280999999959022,935779.9629999999,-0.06422003700000012,0.005161883176286963,102205.03700000013,0.10220503700000011,-0.005161883176286963
2025-02-11,38384.0,-341.99999999999994,0.0,38042.0,38384.0,-341.99999999999994,57.0,38042.0,0.0,1038042.0,5.7e-05,0.038042,0.0,0.9828830094759671,2.113,436871,2.280999999959022,923110.7039999999,-0.07688929600000005,-0.013538715831640347,114931.29600000009,0.11493129600000004,0.013595715831640346
2025-02-12,38384.0,-285.0,0.0,38099.0,38384.0,-285.0,57.0,38099.0,0.0,1038099.0,5.7e-05,0.038099,0.0,0.9382615217857969,2.15,436871,2.280999999959022,939274.9309999999,-0.06072506900000019,0.017510605098562504,98824.06900000013,0.09882406900000018,-0.017453605098562502
2025-02-13,38384.0,-114.0,0.0,38270.0,38384.0,-114.0,171.0,38270.0,0.0,1038270.0,0.000171,0.03827,0.0,0.9924598120878729,2.135,436871,2.280999999959022,932721.8659999999,-0.06727813400000004,-0.006976727243239833,105548.13400000008,0.10554813400000004,0.007147727243239833
2025-02-14,38384.0,-170.99999999999997,0.0,38213.0,38384.0,-170.99999999999997,-57.0,38213.0,-57.0,1038213.0,-5.7e-05,0.038213,-5.7e-05,0.9189023021420104,2.174,436871,2.280999999959022,949759.835,-0.05024016500000006,0.01826693425025816,88453.16500000004,0.08845316500000006,-0.01832393425025816
2025-02-17,38384.0,-114.0,0.0,38270.0,38384.0,-114.0,57.0,38270.0,0.0,1038270.0,5.7e-05,0.03827,0.0,0.92733801634718,2.182,436871,2.280999999959022,953254.803,-0.046745197000000016,0.0036798439681333672,85015.19700000004,0.08501519700000001,-0.003622843968133367
2025-02-18,38384.0,-114.0,0.0,38270.0,38384.0,-114.0,0.0,38270.0,0.0,1038270.0,0.0,0.03827,0.0,0.9396681565070504,2.14,436871,2.280999999959022,934906.221,-0.06509377900000002,-0.019248349908392637,103363.77899999998,0.10336377900000002,0.019248349908392637
2025-02-19,38384.0,-57.0,0.0,38327.0,38384.0,-57.0,57.0,38327.0,0.0,1038327.0,5.7e-05,0.038327,0.0,0.9728334768004117,2.185,436871,2.280999999959022,954565.416,-0.045434584,0.021027986078616445,83761.58400000003,0.083761584,-0.020970986078616444
2025-02-20,38384.0,-57.0,0.0,38327.0,38384.0,-57.0,0.0,38327.0,0.0,1038327.0,0.0,0.038327,0.0,0.883383091032812,2.184,436871,2.280999999959022,954128.545,-0.045871455000000005,-0.00045766481026576766,84198.45499999996,0.084198455,0.00045766481026576766
2025-02-21,38384.0,-57.0,0.0,38327.0,38384.0,-57.0,0.0,38327.0,0.0,1038327.0,0.0,0.038327,0.0,0.8669856676720374,2.239,436871,2.280999999959022,978156.45,-0.021843550000000045,0.025183089978719764,60170.55000000005,0.060170550000000045,-0.025183089978719764
2025-02-24,38384.0,-57.0,0.0,38327.0,38384.0,-57.0,0.0,38327.0,0.0,1038327.0,0.0,0.038327,0.0,0.8546836186591994,2.221,436871,2.280999999959022,970292.772,-0.02970722800000003,-0.008039284513228884,68034.228,0.06803422800000003,0.008039284513228884
2025-02-25,38384.0,-57.0,0.0,38327.0,38384.0,-57.0,0.0,38327.0,0.0,1038327.0,0.0,0.038327,0.0,0.8835135525566512,2.197,436871,2.280999999959022,959807.868,-0.040192131999999936,-0.010805917865788217,78519.13199999998,0.07851913199999994,0.010805917865788217
2025-02-26,38384.0,0.0,0.0,38384.0,38384.0,0.0,57.0,38384.0,0.0,1038384.0,5.7e-05,0.038384,0.0,0.8510250239135301,2.223,436871,2.280999999959022,971166.5139999999,-0.02883348600000013,0.011834291402162078,67217.48600000015,0.06721748600000013,-0.011777291402162078
2025-02-27,39684.0,-988.0,0.0,38696.0,39684.0,-988.0,312.0,38696.0,0.0,1038696.0,0.000312,0.038696,0.0,0.8705907240954317,2.212,436871,2.280999999959022,966360.9330000001,-0.03363906699999997,-0.0049482564840572785,72335.06699999992,0.07233506699999998,0.005260256484057278
2025-02-28,39684.0,-2859.9999999999995,0.0,36824.0,39684.0,-2859.9999999999995,-1872.0,36824.0,-1872.0,1036824.0,-0.001872,0.036824,-0.001872,0.7224817270074705,2.128,436871,2.280999999959022,929663.769,-0.07033623100000008,-0.03797459390879587,107160.23100000003,0.10716023100000008,0.036102593908795874
2025-03-03,39684.0,-1611.9999999999998,0.0,38072.0,39684.0,-1611.9999999999998,1248.0,38072.0,-624.0,1038072.0,0.001248,0.038072,-0.000624,0.7795318506181622,2.154,436871,2.280999999959022,941022.4149999999,-0.058977585000000055,0.01221801513488896,97049.58500000008,0.09704958500000005,-0.01097001513488896
2025-03-04,39684.0,-1404.0,0.0,38280.0,39684.0,-1404.0,208.0,38280.0,-416.0,1038280.0,0.000208,0.03828,-0.000416,0.6417706734217226,2.149,436871,2.280999999959022,938838.0599999999,-0.06116194000000008,-0.002321257140298849,99441.94000000006,0.09944194000000009,0.002529257140298849
2025-03-05,39684.0,-1248.0,0.0,38436.0,39684.0,-1248.0,156.0,38436.0,-260.0,1038436.0,0.000156,0.038436,-0.00026,0.6454067456945021,2.149,436871,2.280999999959022,938838.0599999999,-0.06116194000000008,0.0,99597.94000000006,0.09959794000000008,0.000156
2025-03-06,39684.0,-624.0,0.0,39060.0,39684.0,-624.0,624.0,39060.0,0.0,1039060.0,0.000624,0.03906,0.0,0.6558083807865567,2.191,436871,2.280999999959022,957186.6419999999,-0.04281335800000008,0.019543926457348704,81873.35800000012,0.08187335800000008,-0.018919926457348704
2025-03-07,39684.0,-572.0,0.0,39112.0,39684.0,-572.0,52.0,39112.0,0.0,1039112.0,5.2e-05,0.039112,0.0,0.704996332312887,2.16,436871,2.280999999959022,943643.6410000001,-0.05635635899999991,-0.014148756789691852,95468.35899999994,0.09546835899999992,0.014200756789691852
2025-03-10,39684.0,-468.0,0.0,39216.0,39684.0,-468.0,104.0,39216.0,0.0,1039216.0,0.000104,0.039216,0.0,0.659825069362572,2.159,436871,2.280999999959022,943206.7699999999,-0.05679323000000014,-0.00046296184387695227,96009.2300000001,0.09600923000000014,0.0005669618438769523
2025-03-11,39684.0,-572.0,0.0,39112.0,39684.0,-572.0,-104.0,39112.0,-104.0,1039112.0,-0.000104,0.039112,-0.000104,0.6110642185152624,2.159,436871,2.280999999959022,943206.7699999999,-0.05679323000000014,0.0,95905.2300000001,0.09590523000000015,-0.000104
2025-03-12,39684.0,-416.00000000000006,0.0,39268.0,39684.0,-416.00000000000006,156.0,39268.0,0.0,1039268.0,0.000156,0.039268,0.0,0.6187970215822898,2.149,436871,2.280999999959022,938838.0599999999,-0.06116194000000008,-0.004631762768199765,100429.94000000006,0.10042994000000008,0.004787762768199765
2025-03-13,39684.0,-520.0,0.0,39164.0,39684.0,-520.0,-104.0,39164.0,-104.0,1039164.0,-0.000104,0.039164,-0.000104,0.60680180297667,2.125,436871,2.280999999959022,928353.156,-0.07164684399999999,-0.011167957975627862,110810.84400000004,0.11081084399999999,0.011063957975627862
2025-03-14,39684.0,-260.0,0.0,39424.0,39684.0,-260.0,260.0,39424.0,0.0,1039424.0,0.00026,0.039424,0.0,0.626506871807019,2.186,436871,2.280999999959022,955002.2869999999,-0.044997713000000106,0.02870581182146581,84421.7130000001,0.0844217130000001,-0.02844581182146581
2025-03-17,39684.0,-208.00000000000003,0.0,39476.0,39684.0,-208.00000000000003,52.0,39476.0,0.0,1039476.0,5.2e-05,0.039476,0.0,0.6263551584702406,2.173,436871,2.280999999959022,949322.9639999999,-0.050677036000000064,-0.0059469208370597215,90153.03600000008,0.09015303600000006,0.0059989208370597215
2025-03-18,39684.0,-104.00000000000001,0.0,39580.0,39684.0,-104.00000000000001,104.0,39580.0,0.0,1039580.0,0.000104,0.03958,0.0,0.6383447700466448,2.185,436871,2.280999999959022,954565.416,-0.045434584,0.005522306105301356,85014.58400000003,0.085014584,-0.005418306105301356
2025-03-19,39684.0,-104.00000000000001,0.0,39580.0,39684.0,-104.00000000000001,0.0,39580.0,0.0,1039580.0,0.0,0.03958,0.0,0.6301519354779678,2.178,436871,2.280999999959022,951507.3189999999,-0.04849268100000015,-0.003203653671861151,88072.6810000001,0.08807268100000015,0.003203653671861151
2025-03-20,39684.0,-104.00000000000001,0.0,39580.0,39684.0,-104.00000000000001,0.0,39580.0,0.0,1039580.0,0.0,0.03958,0.0,0.6301519354779678,2.158,436871,2.280999999959022,942769.899,-0.05723010100000003,-0.009182714442157569,96810.10100000002,0.09681010100000004,0.009182714442157569
2025-03-21,39684.0,-104.00000000000001,0.0,39580.0,39684.0,-104.00000000000001,0.0,39580.0,0.0,1039580.0,0.0,0.03958,0.0,0.6219594732064628,2.112,436871,2.280999999959022,922673.833,-0.07732616700000006,-0.02131598179080174,116906.16700000002,0.11690616700000006,0.02131598179080174
2025-03-24,39684.0,-52.00000000000001,0.0,39632.0,39684.0,-52.00000000000001,52.0,39632.0,0.0,1039632.0,5.2e-05,0.039632,0.0,0.6259051922010849,2.112,436871,2.280999999959022,922673.833,-0.07732616700000006,0.0,116958.16700000002,0.11695816700000006,5.2e-05
2025-03-25,39684.0,-52.00000000000001,0.0,39632.0,39684.0,-52.00000000000001,0.0,39632.0,0.0,1039632.0,0.0,0.039632,0.0,0.6259051922010849,2.105,436871,2.280999999959022,919615.7359999999,-0.0803842640000001,-0.0033143857456723325,120016.26400000008,0.1200162640000001,0.0033143857456723325
2025-03-26,39684.0,0.0,0.0,39684.0,39684.0,0.0,52.0,39684.0,0.0,1039684.0,5.2e-05,0.039684,0.0,0.6257534781176243,2.098,436871,2.280999999959022,916557.6389999999,-0.08344236100000013,-0.003325407428652394,123126.36100000015,0.12312636100000013,0.0033774074286523938
2025-03-27,41504.0,-883.9999999999999,0.0,40620.0,41504.0,-883.9999999999999,936.0,40620.0,0.0,1040620.0,0.000936,0.04062,0.0,0.6964003929517929,2.103,436871,2.280999999959022,918741.9940000001,-0.08125800599999988,0.0023832161852728184,121878.00599999994,0.12187800599999989,-0.0014472161852728184
2025-03-28,41504.0,-988.0,0.0,40516.0,41504.0,-988.0,-104.0,40516.0,-104.0,1040516.0,-0.000104,0.040516,-0.000104,0.684405229988977,2.089,436871,2.280999999959022,912625.7999999999,-0.08737420000000007,-0.006657139915169807,127890.20000000007,0.12789020000000006,0.0065531399151698075
2025-03-31,41504.0,-2132.0000000000005,0.0,39372.0,41504.0,-2132.0000000000005,-1144.0,39372.0,-1248.0,1039372.0,-0.001144,0.039372,-0.001248,0.43241870996215925,2.064,436871,2.280999999959022,901704.025,-0.09829597499999998,-0.01196741862875228,137667.97499999998,0.13766797499999997,0.01082341862875228
2025-04-01,41504.0,-1820.0,0.0,39684.0,41504.0,-1820.0,312.0,39684.0,-936.0,1039684.0,0.000312,0.039684,-0.000936,0.4212877216164382,2.062,436871,2.280999999959022,900830.2829999999,-0.0991697170000001,-0.0009689897968461203,138853.71700000006,0.1388537170000001,0.0012809897968461203
2025-04-02,41504.0,-1560.0,0.0,39944.0,41504.0,-1560.0,260.0,39944.0,-676.0,1039944.0,0.00026,0.039944,-0.000676,0.4255332438076775,2.064,436871,2.280999999959022,901704.025,-0.09829597499999998,0.0009699296487795106,138239.97499999998,0.138239975,-0.0007099296487795106
2025-04-03,41504.0,-2600.0,0.0,38904.0,41504.0,-2600.0,-1040.0,38904.0,-1716.0,1038904.0,-0.00104,0.038904,-0.001716,0.5863602267652819,2.027,436871,2.280999999959022,885539.7980000001,-0.11446020199999996,-0.01792631124165156,153364.20199999993,0.15336420199999995,0.01688631124165156
2025-04-07,41504.0,-109200.0,0.0,-67696.0,41504.0,-109200.0,-106600.0,-67696.0,-108316.0,932304.0,-0.1066,-0.067696,-0.108316,-1.5864033661797177,1.775,436871,2.280999999959022,775448.3059999999,-0.22455169400000008,-0.12432133739064344,156855.69400000013,0.15685569400000007,0.017721337390643438
2025-04-08,41504.0,-70512.0,0.0,-29008.0,41504.0,-70512.0,38688.0,-29008.0,-69628.0,970992.0,0.038688,-0.029008,-0.069628,-0.7293475867572883,1.804,436871,2.280999999959022,788117.565,-0.21188243500000004,0.01633798011030807,182874.43500000006,0.18287443500000003,0.02235001988969193
2025-04-09,41504.0,-58136.0,0.0,-16632.0,41504.0,-58136.0,12376.0,-16632.0,-57252.0,983368.0,0.012376,-0.016632,-0.057252,-0.5306975666777097,1.823,436871,2.280999999959022,796418.114,-0.20358188600000005,0.010532120293499592,186949.88600000006,0.18694988600000004,0.0018438797065004082
2025-04-10,41504.0,-39572.0,0.0,1932.0,41504.0,-39572.0,18564.0,1932.0,-38688.0,1001932.0,0.018564,0.001932,-0.038688,-0.3442813658714049,1.863,436871,2.280999999959022,813892.9539999999,-0.18610704600000005,0.02194179124358797,188039.0460000001,0.18803904600000004,-0.0033777912435879708
2025-04-11,41504.0,-25844.0,0.0,15660.0,41504.0,-25844.0,13728.0,15660.0,-24960.0,1015660.0,0.013728,0.01566,-0.02496,-0.04090963210548568,1.892,436871,2.280999999959022,826562.2129999999,-0.17343778700000012,0.0155662473028364,189097.78700000013,0.18909778700000013,-0.0018382473028363995
2025-04-14,41504.0,-20332.000000000004,0.0,21171.999999999996,41504.0,-20332.000000000004,5511.999999999996,21171.999999999996,-19448.000000000004,1021172.0,0.005511999999999996,0.021171999999999996,-0.019448000000000003,0.029060333641125185,1.895,436871,2.280999999959022,827872.826,-0.172127174,0.0015856193029237797,193299.174,0.193299174,0.003926380697076216
2025-04-15,41504.0,-18460.0,0.0,23044.0,41504.0,-18460.0,1872.0000000000036,23044.0,-17576.0,1023044.0,0.0018720000000000037,0.023044,-0.017576,0.19812850117199624,1.893,436871,2.280999999959022,826999.0839999999,-0.17300091600000012,-0.00105540606305643,196044.91600000008,0.19604491600000012,0.002927406063056434
2025-04-16,41504.0,-25376.000000000004,0.0,16127.999999999996,41504.0,-25376.000000000004,-6916.000000000004,16127.999999999996,-24492.000000000004,1016128.0,-0.006916000000000004,0.016127999999999997,-0.024492000000000003,0.038011268082313726,1.87,436871,2.280999999959022,816951.051,-0.18304894900000002,-0.012149992901322126,199176.94900000002,0.19917694900000002,0.005233992901322123
2025-04-17,41504.0,-22256.0,0.0,19248.0,41504.0,-22256.0,3120.0000000000036,19248.0,-21372.0,1019248.0,0.003120000000000004,0.019248,-0.021372,-0.2018445794546361,1.873,436871,2.280999999959022,818261.664,-0.181738336,0.001604273595579242,200986.336,0.200986336,0.0015157264044207619
2025-04-18,41504.0,-18928.0,0.0,22576.0,41504.0,-18928.0,3328.0,22576.0,-18044.0,1022576.0,0.003328,0.022576,-0.018044,-0.09525306431264949,1.878,436871,2.280999999959022,820446.0189999999,-0.1795539810000002,0.002669506706842295,202129.98100000015,0.20212998100000018,0.0006584932931577047
2025-04-21,41504.0,-6136.0,0.0,35368.0,41504.0,-6136.0,12792.0,35368.0,-5252.0,1035368.0,0.012792,0.035368,-0.005252,0.0979038120032539,1.908,436871,2.280999999959022,833552.149,-0.16644785100000004,0.015974396482506537,201815.85100000002,0.20181585100000005,-0.003182396482506537
2025-04-22,41504.0,-6240.0,0.0,35264.0,41504.0,-6240.0,-104.0,35264.0,-5356.0,1035264.0,-0.000104,0.035264,-0.005356,0.04458480403971124,1.899,436871,2.280999999959022,829620.3099999999,-0.17037969000000008,-0.004716968224144136,205643.69000000006,0.20564369000000007,0.004612968224144136
2025-04-23,41504.0,0.0,0.0,41504.0,41504.0,0.0,6240.0,41504.0,0.0,1041504.0,0.00624,0.041504,0.0,0.1052032618697319,1.919,436871,2.280999999959022,838357.73,-0.16164226999999998,0.010531829916266222,203146.27000000002,0.20314626999999996,-0.004291829916266222
2025-04-24,43860.0,-2294.0,0.0,41566.0,43860.0,-2294.0,62.0,41566.0,0.0,1041566.0,6.2e-05,0.041566,0.0,0.09297020720268089,1.907,436871,2.280999999959022,833115.2779999999,-0.16688472200000004,-0.006253239890804174,208450.72200000007,0.20845072200000003,0.006315239890804175
2025-04-25,43860.0,-1797.9999999999998,0.0,42062.0,43860.0,-1797.9999999999998,496.0,42062.0,0.0,1042062.0,0.000496,0.042062,0.0,0.10071423964128502,1.92,436871,2.280999999959022,838794.6009999999,-0.16120539900000008,0.006816971372357816,203267.3990000001,0.20326739900000007,-0.006320971372357816
2025-04-28,43860.0,-1984.0000000000002,0.0,41876.0,43860.0,-1984.0000000000002,-186.0,41876.0,-186.0,1041876.0,-0.000186,0.041876,-0.000186,0.11335307036100811,1.906,436871,2.280999999959022,832678.4069999999,-0.16732159300000016,-0.007291646837865207,209197.5930000001,0.20919759300000015,0.007105646837865206
2025-04-29,43860.0,-1984.0000000000002,0.0,41876.0,43860.0,-1984.0000000000002,0.0,41876.0,-186.0,1041876.0,0.0,0.041876,-0.000186,0.08855779620900675,1.903,436871,2.280999999959022,831367.794,-0.16863220599999995,-0.001573972603326923,210508.206,0.21050820599999995,0.001573972603326923
2025-04-30,43860.0,-2170.0,0.0,41690.0,43860.0,-2170.0,-186.0,41690.0,-372.0,1041690.0,-0.000186,0.04169,-0.000372,0.101197381981313,1.921,436871,2.280999999959022,839231.472,-0.16076852800000008,0.009458723391442714,202458.52800000005,0.20245852800000008,-0.009644723391442714
2025-05-06,43860.0,-558.0,0.0,43302.0,43860.0,-558.0,1612.0,43302.0,0.0,1043302.0,0.001612,0.043302,0.0,0.10445026781171454,1.958,436871,2.280999999959022,855395.6989999999,-0.1446043010000001,0.01926074931565469,187906.3010000001,0.1879063010000001,-0.01764874931565469
2025-05-07,43860.0,-496.00000000000006,0.0,43364.0,43860.0,-496.00000000000006,62.0,43364.0,0.0,1043364.0,6.2e-05,0.043364,0.0,0.09461713417151912,1.967,436871,2.280999999959022,859327.538,-0.14067246200000005,0.004596514811328278,184036.46200000006,0.18403646200000007,-0.004534514811328278
2025-05-08,43860.0,-434.0,0.0,43426.0,43860.0,-434.0,62.0,43426.0,0.0,1043426.0,6.2e-05,0.043426,0.0,0.0947041635043079,2.001,436871,2.280999999959022,874181.1519999999,-0.1258188480000001,0.01728516001543512,169244.84800000011,0.1692448480000001,-0.01722316001543512
2025-05-09,43860.0,-496.00000000000006,0.0,43364.0,43860.0,-496.00000000000006,-62.0,43364.0,-62.0,1043364.0,-6.2e-05,0.043364,-6.2e-05,0.09362496222143236,1.984,436871,2.280999999959022,866754.345,-0.13324565500000007,-0.008495729955980469,176609.65500000003,0.1766096550000001,0.00843372995598047
2025-05-12,43860.0,-248.00000000000003,0.0,43612.0,43860.0,-248.00000000000003,248.0,43612.0,0.0,1043612.0,0.000248,0.043612,0.0,0.09694935851434151,2.037,436871,2.280999999959022,889908.5079999999,-0.11009149200000012,0.026713639376102494,153703.4920000001,0.1537034920000001,-0.026465639376102492
2025-05-13,43860.0,-248.00000000000003,0.0,43612.0,43860.0,-248.00000000000003,0.0,43612.0,0.0,1043612.0,0.0,0.043612,0.0,0.0959572124161564,2.03,436871,2.280999999959022,886850.4109999998,-0.11314958900000016,-0.0034364173086431915,156761.58900000015,0.15676158900000015,0.0034364173086431915
2025-05-14,43860.0,-185.99999999999997,0.0,43674.0,43860.0,-185.99999999999997,62.0,43674.0,0.0,1043674.0,6.2e-05,0.043674,0.0,0.09406001813249686,2.054,436871,2.280999999959022,897335.3149999998,-0.10266468500000014,0.01182262969036385,146338.68500000017,0.14633868500000013,-0.011760629690363851
2025-05-15,43860.0,-185.99999999999997,0.0,43674.0,43860.0,-185.99999999999997,0.0,43674.0,0.0,1043674.0,0.0,0.043674,0.0,0.09505218549796252,2.012,436871,2.280999999959022,878986.733,-0.12101326700000004,-0.020447854545878275,164687.267,0.16468726700000003,0.020447854545878275
2025-05-16,43860.0,-185.99999999999997,0.0,43674.0,43860.0,-185.99999999999997,0.0,43674.0,0.0,1043674.0,0.0,0.043674,0.0,0.09406004017622607,2.008,436871,2.280999999959022,877239.249,-0.12276075100000006,-0.0019880664114643176,166434.75100000005,0.16643475100000005,0.0019880664114643176
2025-05-19,43860.0,-124.00000000000001,0.0,43736.0,43860.0,-124.00000000000001,62.0,43736.0,0.0,1043736.0,6.2e-05,0.043736,0.0,0.09513921476751275,2.002,436871,2.280999999959022,874618.0229999998,-0.1253819770000002,-0.002988040039234696,169117.9770000002,0.1691179770000002,0.003050040039234696
2025-05-20,43860.0,-124.00000000000001,0.0,43736.0,43860.0,-124.00000000000001,0.0,43736.0,0.0,1043736.0,0.0,0.043736,0.0,0.09414706938002601,2.018,436871,2.280999999959022,881607.9589999999,-0.11839204100000011,0.007991987148886048,162128.04100000008,0.1621280410000001,-0.007991987148886048
2025-05-21,43860.0,-62.00000000000001,0.0,43798.0,43860.0,-62.00000000000001,62.0,43798.0,0.0,1043798.0,6.2e-05,0.043798,0.0,0.09522624404190619,2.034,436871,2.280999999959022,888597.8949999999,-0.11140210500000014,0.007928621706102312,155200.1050000001,0.15520010500000014,-0.007866621706102313
2025-05-22,43860.0,-62.00000000000001,0.0,43798.0,43860.0,-62.00000000000001,0.0,43798.0,0.0,1043798.0,0.0,0.043798,0.0,0.09522624404190619,2.016,436871,2.280999999959022,880734.217,-0.11926578300000001,-0.008849534805616344,163063.78300000005,0.16306378300000002,0.008849534805616344
2025-05-23,43860.0,-62.00000000000001,0.0,43798.0,43860.0,-62.00000000000001,0.0,43798.0,0.0,1043798.0,0.0,0.043798,0.0,0.09522624404190619,1.994,436871,2.280999999959022,871123.0549999999,-0.12887694500000002,-0.010912670150068693,172674.94500000007,0.17267494500000002,0.010912670150068693
2025-05-26,43860.0,-62.00000000000001,0.0,43798.0,43860.0,-62.00000000000001,0.0,43798.0,0.0,1043798.0,0.0,0.043798,0.0,0.09522624404190619,1.977,436871,2.280999999959022,863696.248,-0.136303752,-0.008525554406317415,180101.75199999998,0.180101752,0.008525554406317415
2025-05-27,43860.0,-62.00000000000001,0.0,43798.0,43860.0,-62.00000000000001,0.0,43798.0,0.0,1043798.0,0.0,0.043798,0.0,0.09423409858857966,1.967,436871,2.280999999959022,859327.538,-0.14067246200000005,-0.005058155584346191,184470.46200000006,0.18447046200000006,0.005058155584346191
2025-05-28,43860.0,0.0,0.0,43860.0,43860.0,0.0,62.0,43860.0,0.0,1043860.0,6.2e-05,0.04386,0.0,0.08988285049087164,1.959,436871,2.280999999959022,855832.57,-0.1441674300000001,-0.0040670964742201,188027.43000000005,0.1880274300000001,0.0041290964742201
2025-05-29,44940.0,-1080.0,0.0,43860.0,44940.0,-1080.0,0.0,43860.0,0.0,1043860.0,0.0,0.04386,0.0,0.1224834174781153,1.989,436871,2.280999999959022,868938.7,-0.13106130000000005,0.015313894866141764,174921.30000000005,0.17492130000000006,-0.015313894866141764
2025-05-30,44940.0,-1380.0000000000002,0.0,43560.0,44940.0,-1380.0000000000002,-300.0,43560.0,-300.0,1043560.0,-0.0003,0.04356,-0.0003,0.09553961745036478,1.972,436871,2.280999999959022,861511.8929999999,-0.13848810700000003,-0.008546986110757882,182048.10700000008,0.18204810700000001,0.008246986110757882
2025-06-03,44940.0,-720.0,0.0,44220.0,44940.0,-720.0,660.0,44220.0,0.0,1044220.0,0.00066,0.04422,0.0,0.10340726262962906,1.977,436871,2.280999999959022,863696.248,-0.136303752,0.0025354902442422667,180523.75199999998,0.180523752,-0.0018754902442422667
2025-06-04,44940.0,-660.0,0.0,44280.0,44940.0,-660.0,60.0,44280.0,0.0,1044280.0,6e-05,0.04428,0.0,0.10173604104909086,2.0,436871,2.280999999959022,873744.281,-0.126255719,0.011633757843996007,170535.71900000004,0.17053571899999997,-0.011573757843996007
2025-06-05,44940.0,-540.0,0.0,44400.0,44940.0,-540.0,120.0,44400.0,0.0,1044400.0,0.00012,0.0444,0.0,0.09296303347166522,2.023,436871,2.280999999959022,883792.314,-0.11620768599999998,0.011499969978058244,160607.686,0.16060768599999997,-0.011379969978058244
2025-06-06,44940.0,-480.0,0.0,44460.0,44940.0,-480.0,60.0,44460.0,0.0,1044460.0,6e-05,0.04446,0.0,0.09310230571096767,2.017,436871,2.280999999959022,881171.0879999999,-0.11882891200000012,-0.002965884584508971,163288.91200000013,0.16328891200000012,0.003025884584508971
2025-06-09,44940.0,-240.0,0.0,44700.0,44940.0,-240.0,240.0,44700.0,0.0,1044700.0,0.00024,0.0447,0.0,0.09546982703633504,2.034,436871,2.280999999959022,888597.8949999999,-0.11140210500000014,0.008428337131279218,156102.1050000001,0.15610210500000013,-0.008188337131279217
2025-06-10,44940.0,-240.0,0.0,44700.0,44940.0,-240.0,0.0,44700.0,0.0,1044700.0,0.0,0.0447,0.0,0.09728044694694907,2.012,436871,2.280999999959022,878986.733,-0.12101326700000004,-0.010816098095753346,165713.267,0.16571326700000003,0.010816098095753346
2025-06-11,44940.0,-180.0,0.0,44760.0,44940.0,-180.0,60.0,44760.0,0.0,1044760.0,6e-05,0.04476,0.0,0.09560921127677555,2.038,436871,2.280999999959022,890345.3789999998,-0.10965462100000012,0.012922431674517565,154414.62100000016,0.1544146210000001,-0.012862431674517566
2025-06-12,44940.0,-120.0,0.0,44820.0,44940.0,-120.0,60.0,44820.0,0.0,1044820.0,6e-05,0.04482,0.0,0.09846439080095208,2.04,436871,2.280999999959022,891219.1209999999,-0.10878087900000011,0.0009813517547330175,153600.87900000007,0.1536008790000001,-0.0009213517547330175
2025-06-13,44940.0,-240.0,0.0,44700.0,44940.0,-240.0,-120.0,44700.0,-120.0,1044700.0,-0.00012,0.0447,-0.00012,0.091848979013392,2.02,436871,2.280999999959022,882481.701,-0.11751829899999999,-0.009803896476318852,162218.299,0.16221829899999998,0.009683896476318852
2025-06-16,44940.0,-120.0,0.0,44820.0,44940.0,-120.0,120.0,44820.0,0.0,1044820.0,0.00012,0.04482,0.0,0.09303278049065915,2.037,436871,2.280999999959022,889908.5079999999,-0.11009149200000012,0.008415819831260052,154911.4920000001,0.15491149200000012,-0.008295819831260052
2025-06-17,44940.0,-60.0,0.0,44880.0,44940.0,-60.0,60.0,44880.0,0.0,1044880.0,6e-05,0.04488,0.0,0.09226679006579579,2.028,436871,2.280999999959022,885976.669,-0.11402333100000006,-0.004418250825398262,158903.331,0.15890333100000006,0.004478250825398262
2025-06-18,44940.0,-120.0,0.0,44820.0,44940.0,-120.0,-60.0,44820.0,-60.0,1044820.0,-6e-05,0.04482,-6e-05,0.09122221382872452,2.034,436871,2.280999999959022,888597.8949999999,-0.11140210500000014,0.002958572264615489,156222.1050000001,0.15622210500000014,-0.003018572264615489
2025-06-19,44940.0,-60.0,0.0,44880.0,44940.0,-60.0,60.0,44880.0,0.0,1044880.0,6e-05,0.04488,0.0,0.09226676609747893,2.005,436871,2.280999999959022,875928.6359999999,-0.12407136400000007,-0.014257583853493072,168951.36400000006,0.16895136400000008,0.014317583853493071
2025-06-20,44940.0,-60.0,0.0,44880.0,44940.0,-60.0,0.0,44880.0,0.0,1044880.0,0.0,0.04488,0.0,0.09226676609747893,1.988,436871,2.280999999959022,868501.8289999999,-0.13149817100000005,-0.008478780912923645,176378.1710000001,0.17637817100000006,0.008478780912923645
2025-06-23,44940.0,-60.0,0.0,44880.0,44940.0,-60.0,0.0,44880.0,0.0,1044880.0,0.0,0.04488,0.0,0.09136148604023328,1.998,436871,2.280999999959022,872870.539,-0.127129461,0.005030167875443858,172009.461,0.172009461,-0.005030167875443858
2025-06-24,44940.0,-60.0,0.0,44880.0,44940.0,-60.0,0.0,44880.0,0.0,1044880.0,0.0,0.04488,0.0,0.09136148604023328,2.044,436871,2.280999999959022,892966.605,-0.10703339499999998,0.0230229628588714,151913.39500000002,0.15191339499999998,-0.0230229628588714
2025-06-25,44940.0,0.0,0.0,44940.0,44940.0,0.0,60.0,44940.0,0.0,1044940.0,6e-05,0.04494,0.0,0.09150075826383379,2.109,436871,2.280999999959022,921363.22,-0.07863678000000007,0.03180031015829532,123576.78000000003,0.12357678000000008,-0.03174031015829532
2025-06-26,46095.0,-989.9999999999999,0.0,45105.0,46095.0,-989.9999999999999,165.0,45105.0,0.0,1045105.0,0.000165,0.045105,0.0,0.0780805967540501,2.093,436871,2.280999999959022,914373.284,-0.08562671600000005,-0.007586515120497239,130731.71600000001,0.13073171600000005,0.007751515120497239
2025-06-27,46095.0,-659.9999999999999,0.0,45435.0,46095.0,-659.9999999999999,330.0,45435.0,0.0,1045435.0,0.00033,0.045435,0.0,0.08563612906063602,2.101,436871,2.280999999959022,917868.252,-0.082131748,0.003822255156789911,127566.74800000002,0.127566748,-0.003492255156789911
2025-06-30,46095.0,-550.0,0.0,45545.0,46095.0,-550.0,110.0,45545.0,0.0,1045545.0,0.00011,0.045545,0.0,0.10747326294633784,2.133,436871,2.280999999959022,931848.124,-0.06815187600000006,0.015230804605713688,113696.87600000005,0.11369687600000006,-0.015120804605713687
2025-07-01,46095.0,-550.0,0.0,45545.0,46095.0,-550.0,0.0,45545.0,0.0,1045545.0,0.0,0.045545,0.0,0.10204140359494769,2.126,436871,2.280999999959022,928790.0269999999,-0.07120997300000009,-0.0032817547422567817,116754.97300000011,0.1167549730000001,0.0032817547422567817
2025-07-02,46095.0,-605.0,0.0,45490.0,46095.0,-605.0,-55.0,45490.0,-55.0,1045490.0,-5.5e-05,0.04549,-5.5e-05,0.09655719503129676,2.104,436871,2.280999999959022,919178.865,-0.08082113499999999,-0.010348046082109708,126311.13500000001,0.126311135,0.010293046082109708
2025-07-03,46095.0,-494.99999999999994,0.0,45600.0,46095.0,-494.99999999999994,110.0,45600.0,0.0,1045600.0,0.00011,0.0456,0.0,0.11658445847794738,2.141,436871,2.280999999959022,935343.092,-0.06465690800000001,0.01758550769114997,110256.90800000005,0.11025690800000001,-0.017475507691149972
2025-07-04,46095.0,-494.99999999999994,0.0,45600.0,46095.0,-494.99999999999994,0.0,45600.0,0.0,1045600.0,0.0,0.0456,0.0,4.86476036921746,2.133,436871,2.280999999959022,931848.124,-0.06815187600000006,-0.0037365625831766724,113751.87600000005,0.11375187600000006,0.0037365625831766724
2025-07-07,46095.0,-494.99999999999994,0.0,45600.0,46095.0,-494.99999999999994,0.0,45600.0,0.0,1045600.0,0.0,0.0456,0.0,5.089890112176937,2.11,436871,2.280999999959022,921800.0909999999,-0.07819990900000007,-0.010782908438843442,123799.9090000001,0.12379990900000007,0.010782908438843442
2025-07-08,46095.0,-385.0,0.0,45710.0,46095.0,-385.0,110.0,45710.0,0.0,1045710.0,0.00011,0.04571,0.0,4.582730231404753,2.159,436871,2.280999999959022,943206.7699999999,-0.05679323000000014,0.02322269135033106,102503.2300000001,0.10250323000000014,-0.02311269135033106
2025-07-09,46095.0,-385.0,0.0,45710.0,46095.0,-385.0,0.0,45710.0,0.0,1045710.0,0.0,0.04571,0.0,4.158507724702885,2.163,436871,2.280999999959022,944954.2539999998,-0.05504574600000012,0.0018527051072798617,100755.74600000016,0.10075574600000012,-0.0018527051072798617
2025-07-10,46095.0,-329.99999999999994,0.0,45765.0,46095.0,-329.99999999999994,55.0,45765.0,0.0,1045765.0,5.5e-05,0.045765,0.0,3.5991800417689466,2.169,436871,2.280999999959022,947575.48,-0.052424519999999974,0.0027739184081181367,98189.52000000002,0.09818951999999997,-0.002718918408118137
2025-07-11,46095.0,-220.00000000000003,0.0,45875.0,46095.0,-220.00000000000003,110.0,45875.0,0.0,1045875.0,0.00011,0.045875,0.0,3.090116088298402,2.185,436871,2.280999999959022,954565.416,-0.045434584,0.007376653519991949,91309.58400000003,0.091309584,-0.007266653519991949
2025-07-14,46095.0,-164.99999999999997,0.0,45930.0,46095.0,-164.99999999999997,55.0,45930.0,0.0,1045930.0,5.5e-05,0.04593,0.0,2.8738768351480086,2.177,436871,2.280999999959022,951070.448,-0.04892955200000004,-0.0036613184821269185,94859.55200000003,0.09485955200000004,0.0037163184821269184
2025-07-15,46095.0,-110.00000000000001,0.0,45985.0,46095.0,-110.00000000000001,55.0,45985.0,0.0,1045985.0,5.5e-05,0.045985,0.0,4.198551954022295,2.212,436871,2.280999999959022,966360.9330000001,-0.03363906699999997,0.01607713185932158,79624.06699999992,0.07962406699999997,-0.01602213185932158
2025-07-16,46095.0,-110.00000000000001,0.0,45985.0,46095.0,-110.00000000000001,0.0,45985.0,0.0,1045985.0,0.0,0.045985,0.0,3.821404172098895,2.206,436871,2.280999999959022,963739.7069999999,-0.03626029300000011,-0.002712470993485594,82245.29300000006,0.08224529300000011,0.002712470993485594
2025-07-17,46095.0,-55.00000000000001,0.0,46040.0,46095.0,-55.00000000000001,55.0,46040.0,0.0,1046040.0,5.5e-05,0.04604,0.0,3.4237162906157743,2.247,436871,2.280999999959022,981651.418,-0.018348582000000002,0.018585631441664807,64388.58200000005,0.064388582,-0.018530631441664808
2025-07-18,46095.0,-55.00000000000001,0.0,46040.0,46095.0,-55.00000000000001,0.0,46040.0,0.0,1046040.0,0.0,0.04604,0.0,3.419400608041883,2.252,436871,2.280999999959022,983835.7729999998,-0.016164227000000198,0.0022251839705484944,62204.22700000019,0.062204227000000195,-0.0022251839705484944
2025-07-21,46095.0,-55.00000000000001,0.0,46040.0,46095.0,-55.00000000000001,0.0,46040.0,0.0,1046040.0,0.0,0.04604,0.0,3.4547500702100558,2.275,436871,2.280999999959022,993883.8059999999,-0.006116194000000186,0.010213120193180991,52156.194000000134,0.05215619400000018,-0.010213120193180991
2025-07-22,46095.0,-55.00000000000001,0.0,46040.0,46095.0,-55.00000000000001,0.0,46040.0,0.0,1046040.0,0.0,0.04604,0.0,4.956255644285226,2.289,436871,2.280999999959022,1000000.0,0.0,0.006153832030542317,46040.0,0.04604,-0.006153832030542317
2025-07-23,46095.0,0.0,0.0,46095.0,46095.0,0.0,55.0,46095.0,0.0,1046095.0,5.5e-05,0.046095,0.0,4.948439305082003,2.287,436871,2.280999999959022,999126.2579999999,-0.0008737420000001217,-0.0008737420000001217,46968.742000000086,0.04696874200000012,0.0009287420000001217
2025-07-24,47370.0,-867.0,0.0,46503.0,47370.0,-867.0,408.0,46503.0,0.0,1046503.0,0.000408,0.046503,0.0,4.898734792741649,2.325,436871,2.280999999959022,1015727.356,0.01572735599999997,0.016615615761346625,30775.64399999997,0.030775644000000033,-0.016207615761346626
2025-07-25,47370.0,-816.0000000000001,0.0,46554.0,47370.0,-816.0000000000001,51.0,46554.0,0.0,1046554.0,5.1e-05,0.046554,0.0,5.21176510939969,2.318,436871,2.280999999959022,1012669.259,0.012669258999999933,-0.003010745926980918,33884.74100000004,0.033884741000000065,0.0030617459269809176
2025-07-28,47370.0,-561.0,0.0,46809.0,47370.0,-561.0,255.0,46809.0,0.0,1046809.0,0.000255,0.046809,0.0,5.476330516975973,2.342,436871,2.280999999959022,1023154.163,0.02315416299999984,0.010353729914102106,23654.837000000058,0.023654837000000165,-0.010098729914102106
2025-07-29,47370.0,-458.99999999999994,0.0,46911.0,47370.0,-458.99999999999994,102.0,46911.0,0.0,1046911.0,0.000102,0.046911,0.0,5.859083726609816,2.383,436871,2.280999999959022,1041065.874,0.04106587400000006,0.017506365753798825,5845.1260000000475,0.005845125999999944,-0.017404365753798823
2025-07-30,47370.0,-714.0,0.0,46656.0,47370.0,-714.0,-255.0,46656.0,-255.0,1046656.0,-0.000255,0.046656,-0.000255,6.650243578554695,2.345,436871,2.280999999959022,1024464.7760000001,0.024464776000000077,-0.01594625125518223,22191.22399999993,0.022191223999999926,0.015691251255182233
2025-07-31,47370.0,-1020.0000000000001,0.0,46350.0,47370.0,-1020.0000000000001,-306.0,46350.0,-561.0,1046350.0,-0.000306,0.04635,-0.000561,5.593302771752671,2.301,436871,2.280999999959022,1005242.452,0.005242452000000064,-0.018763284448932604,41107.54799999995,0.04110754799999994,0.018457284448932604
2025-08-01,47370.0,-714.0,0.0,46656.0,47370.0,-714.0,306.0,46656.0,-255.0,1046656.0,0.000306,0.046656,-0.000255,5.8936196611479446,2.303,436871,2.280999999959022,1006116.1939999999,0.006116193999999853,0.0008691853375883962,40539.8060000001,0.04053980600000015,-0.0005631853375883962
2025-08-04,47370.0,-612.0,0.0,46758.0,47370.0,-612.0,102.0,46758.0,-153.0,1046758.0,0.000102,0.046758,-0.000153,6.221397504481978,2.313,436871,2.280999999959022,1010484.904,0.010484903999999906,0.004342152552610612,36273.09600000002,0.036273096000000095,-0.004240152552610612
2025-08-05,47370.0,-561.0,0.0,46809.0,47370.0,-561.0,51.0,46809.0,-102.0,1046809.0,5.1e-05,0.046809,-0.000102,5.949638240519482,2.32,436871,2.280999999959022,1013543.0009999999,0.013543000999999943,0.003026365844649881,33265.99900000007,0.03326599900000006,-0.002975365844649881
2025-08-06,47370.0,-458.99999999999994,0.0,46911.0,47370.0,-458.99999999999994,102.0,46911.0,0.0,1046911.0,0.000102,0.046911,0.0,6.141079576918057,2.336,436871,2.280999999959022,1020532.9369999999,0.02053293700000003,0.006896536203302217,26378.063000000082,0.026378062999999972,-0.006794536203302217
2025-08-07,47370.0,-458.99999999999994,0.0,46911.0,47370.0,-458.99999999999994,0.0,46911.0,0.0,1046911.0,0.0,0.046911,0.0,6.018446654580539,2.32,436871,2.280999999959022,1013543.0009999999,0.013543000999999943,-0.0068492997595431815,33367.99900000007,0.03336799900000006,0.0068492997595431815
2025-08-08,47370.0,-458.99999999999994,0.0,46911.0,47370.0,-458.99999999999994,0.0,46911.0,0.0,1046911.0,0.0,0.046911,0.0,6.018446654580539,2.312,436871,2.280999999959022,1010048.0329999999,0.0100480329999999,-0.0034482681016511085,36862.96700000006,0.0368629670000001,0.0034482681016511085
2025-08-11,47370.0,-306.0,0.0,47064.0,47370.0,-306.0,153.0,47064.0,0.0,1047064.0,0.000153,0.047064,0.0,6.286095655987531,2.357,436871,2.280999999959022,1029707.228,0.02970722799999992,0.019463623865103807,17356.771999999997,0.017356772000000083,-0.019310623865103807
2025-08-12,47370.0,-255.00000000000003,0.0,47115.0,47370.0,-255.00000000000003,51.0,47115.0,0.0,1047115.0,5.1e-05,0.047115,0.0,6.265703467796166,2.385,436871,2.280999999959022,1041939.6159999999,0.041939615999999846,0.011879481533560554,5175.384000000078,0.005175384000000151,-0.011828481533560553
2025-08-13,47370.0,-204.00000000000003,0.0,47166.0,47370.0,-204.00000000000003,51.0,47166.0,0.0,1047166.0,5.1e-05,0.047166,0.0,6.368585880182493,2.473,436871,2.280999999959022,1080384.264,0.08038426399999987,0.0368971938581133,-33218.26399999997,-0.03321826399999987,-0.036846193858113295
2025-08-14,47370.0,-204.00000000000003,0.0,47166.0,47370.0,-204.00000000000003,0.0,47166.0,0.0,1047166.0,0.0,0.047166,0.0,6.245321557017758,2.446,436871,2.280999999959022,1068588.747,0.06858874699999995,-0.010917890414590459,-21422.746999999974,-0.02142274699999995,0.010917890414590459
2025-08-15,47370.0,-153.0,0.0,47217.0,47370.0,-153.0,51.0,47217.0,0.0,1047217.0,5.1e-05,0.047217,0.0,6.3481288863801515,2.509,436871,2.280999999959022,1096111.6199999999,0.09611161999999984,0.025756281897286293,-48894.61999999988,-0.04889461999999984,-0.025705281897286294
2025-08-18,47370.0,-153.0,0.0,47217.0,47370.0,-153.0,0.0,47217.0,0.0,1047217.0,0.0,0.047217,0.0,6.3481288863801515,2.582,436871,2.280999999959022,1128003.203,0.128003203,0.029095196527521683,-80786.20299999998,-0.080786203,-0.029095196527521683
2025-08-19,47370.0,-153.0,0.0,47217.0,47370.0,-153.0,0.0,47217.0,0.0,1047217.0,0.0,0.047217,0.0,6.3481288863801515,2.575,436871,2.280999999959022,1124945.1060000001,0.1249451060000002,-0.0027110712025166794,-77728.10600000015,-0.07772810600000019,0.0027110712025166794
2025-08-20,47370.0,-51.00000000000001,0.0,47319.0,47370.0,-51.00000000000001,102.0,47319.0,0.0,1047319.0,0.000102,0.047319,0.0,6.5412577881704905,2.588,436871,2.280999999959022,1130624.429,0.13062442900000004,0.00504853345261802,-83305.429,-0.08330542900000004,-0.004946533452618021
2025-08-21,47370.0,-51.00000000000001,0.0,47319.0,47370.0,-51.00000000000001,0.0,47319.0,0.0,1047319.0,0.0,0.047319,0.0,6.417199231305862,2.572,436871,2.280999999959022,1123634.493,0.12363449299999996,-0.006182367743621464,-76315.49300000002,-0.07631549299999996,0.006182367743621464
2025-08-22,47370.0,-51.00000000000001,0.0,47319.0,47370.0,-51.00000000000001,0.0,47319.0,0.0,1047319.0,0.0,0.047319,0.0,6.417199231305862,2.662,436871,2.280999999959022,1162952.883,0.162952883,0.034992152915334085,-115633.88299999991,-0.11563388299999999,-0.034992152915334085
2025-08-25,47370.0,-102.00000000000001,0.0,47268.0,47370.0,-102.00000000000001,-51.0,47268.0,-51.0,1047268.0,-5.1e-05,0.047268,-5.1e-05,7.235183110639658,2.737,436871,2.280999999959022,1195718.208,0.19571820800000017,0.028174249773109894,-148450.2080000001,-0.14845020800000017,-0.028225249773109893
2025-08-26,47370.0,-51.00000000000001,0.0,47319.0,47370.0,-51.00000000000001,51.0,47319.0,0.0,1047319.0,5.1e-05,0.047319,0.0,7.386803265928622,2.716,436871,2.280999999959022,1186543.9170000001,0.18654391700000006,-0.007672619634474964,-139224.91700000013,-0.13922491700000006,0.007723619634474964
2025-08-27,47370.0,0.0,0.0,47370.0,47370.0,0.0,51.0,47370.0,0.0,1047370.0,5.1e-05,0.04737,0.0,7.365702775501976,2.696,436871,2.280999999959022,1177806.497,0.17780649699999995,-0.007363756094331042,-130436.49699999997,-0.13043649699999996,0.007414756094331042
2025-08-28,51962.0,-3731.0000000000005,0.0,48231.0,51962.0,-3731.0000000000005,861.0,48231.0,0.0,1048231.0,0.000861,0.048231,0.0,6.681930805443697,2.806,436871,2.280999999959022,1225862.307,0.2258623070000001,0.04080110792596514,-177631.30700000003,-0.1776313070000001,-0.03994010792596514
2025-08-29,51962.0,-3649.0,0.0,48313.0,51962.0,-3649.0,82.0,48313.0,0.0,1048313.0,8.2e-05,0.048313,0.0,6.719556710650564,2.865,436871,2.280999999959022,1251637.696,0.25163769599999997,0.0210263329354492,-203324.696,-0.20332469599999997,-0.0209443329354492
2025-09-01,51962.0,-1967.9999999999998,0.0,49994.0,51962.0,-1967.9999999999998,1681.0,49994.0,0.0,1049994.0,0.001681,0.049994,0.0,5.473257279233802,2.927,436871,2.280999999959022,1278723.698,0.2787236980000001,0.02164044921830177,-228729.6980000001,-0.2287296980000001,-0.019959449218301773
2025-09-02,51962.0,-2870.0000000000005,0.0,49092.0,51962.0,-2870.0000000000005,-902.0,49092.0,-902.0,1049092.0,-0.000902,0.049092,-0.000902,4.070936222150091,2.848,436871,2.280999999959022,1244210.889,0.24421088899999988,-0.026990044099425292,-195118.88899999997,-0.19511888899999988,0.026088044099425292
2025-09-03,51962.0,-3157.0000000000005,0.0,48805.0,51962.0,-3157.0000000000005,-287.0,48805.0,-1189.0,1048805.0,-0.000287,0.048805,-0.001189,3.701322575080829,2.87,436871,2.280999999959022,1253822.051,0.253822051,0.007724704939469529,-205017.05099999998,-0.205017051,-0.00801170493946953
2025-09-04,51962.0,-5576.0,0.0,46386.0,51962.0,-5576.0,-2419.0,46386.0,-3608.0,1046386.0,-0.002419,0.046386,-0.003608,0.9634605447155844,2.751,436871,2.280999999959022,1201834.402,0.20183440200000002,-0.04146333920235068,-155448.402,-0.15544840200000004,0.03904433920235068
2025-09-05,51962.0,-1558.0,0.0,50404.0,51962.0,-1558.0,4018.0,50404.0,0.0,1050404.0,0.004018,0.050404,0.0,2.261254198255057,2.944,436871,2.280999999959022,1286150.505,0.28615050499999994,0.07015617364562665,-235746.5049999999,-0.23574650499999994,-0.06613817364562666
2025-09-08,51962.0,-943.0,0.0,51019.0,51962.0,-943.0,615.0,51019.0,0.0,1051019.0,0.000615,0.051019,0.0,2.445365888898268,2.908,436871,2.280999999959022,1270423.149,0.270423149,-0.012228239182629608,-219404.14899999998,-0.21940414899999997,0.012843239182629607
2025-09-09,51962.0,-1066.0,0.0,50896.0,51962.0,-1066.0,-123.0,50896.0,-123.0,1050896.0,-0.000123,0.050896,-0.000123,2.371034650683328,2.845,436871,2.280999999959022,1242900.276,0.24290027600000008,-0.021664335242682076,-192004.27600000007,-0.19200427600000008,0.021541335242682074
2025-09-10,51962.0,-697.0,0.0,51265.0,51962.0,-697.0,369.0,51265.0,0.0,1051265.0,0.000369,0.051265,0.0,2.53807360487074,2.875,436871,2.280999999959022,1256006.406,0.256006406,0.010544796113634458,-204741.40599999996,-0.20474140600000001,-0.010175796113634459
2025-09-11,51962.0,-491.99999999999994,0.0,51470.0,51962.0,-491.99999999999994,205.0,51470.0,0.0,1051470.0,0.000205,0.05147,0.0,2.5948436669460677,3.025,436871,2.280999999959022,1321537.0559999999,0.32153705599999993,0.05217381829181522,-270067.05599999987,-0.2700670559999999,-0.051968818291815225
2025-09-12,51962.0,-287.0,0.0,51675.0,51962.0,-287.0,205.0,51675.0,0.0,1051675.0,0.000205,0.051675,0.0,2.6757464764056826,2.995,436871,2.280999999959022,1308430.926,0.308430926,-0.00991733825434249,-256755.92599999998,-0.25675592599999997,0.01012233825434249
2025-09-15,51962.0,-369.0,0.0,51593.0,51962.0,-369.0,-82.0,51593.0,-82.0,1051593.0,-8.2e-05,0.051593,-8.2e-05,2.6422282559208368,3.037,436871,2.280999999959022,1326779.508,0.326779508,0.014023347840067757,-275186.5079999999,-0.275186508,-0.014105347840067757
2025-09-16,51962.0,-369.0,0.0,51593.0,51962.0,-369.0,0.0,51593.0,-82.0,1051593.0,0.0,0.051593,-8.2e-05,2.6422282559208368,3.059,436871,2.280999999959022,1336390.67,0.3363906699999999,0.007243978326502809,-284797.6699999999,-0.2847976699999999,-0.007243978326502809
2025-09-17,51962.0,-245.99999999999997,0.0,51716.0,51962.0,-245.99999999999997,123.0,51716.0,0.0,1051716.0,0.000123,0.051716,0.0,2.6671545673153223,3.119,436871,2.280999999959022,1362602.9300000002,0.3626029300000002,0.01961421954554665,-310886.93000000017,-0.31088693000000023,-0.01949121954554665
2025-09-18,51962.0,-164.0,0.0,51798.0,51962.0,-164.0,82.0,51798.0,0.0,1051798.0,8.2e-05,0.051798,0.0,2.6345751032832,3.067,436871,2.280999999959022,1339885.638,0.33988563799999993,-0.016671982350720538,-288087.63800000004,-0.2880876379999999,0.016753982350720537
2025-09-19,51962.0,-164.0,0.0,51798.0,51962.0,-164.0,0.0,51798.0,0.0,1051798.0,0.0,0.051798,0.0,2.5063921845952537,3.062,436871,2.280999999959022,1337701.2829999998,0.3377012829999999,-0.0016302548053733767,-285903.2829999998,-0.2859032829999999,0.0016302548053733767
2025-09-22,51962.0,-82.0,0.0,51880.0,51962.0,-82.0,82.0,51880.0,0.0,1051880.0,8.2e-05,0.05188,0.0,2.4953376179568427,3.082,436871,2.280999999959022,1346438.703,0.346438703,0.006531667503828054,-294558.703,-0.29455870300000003,-0.006449667503828054
2025-09-23,51962.0,-41.0,0.0,51921.0,51962.0,-41.0,41.0,51921.0,0.0,1051921.0,4.1e-05,0.051921,0.0,2.5118124083862083,3.093,436871,2.280999999959022,1351244.284,0.3512442840000001,0.003569104920478461,-299323.284,-0.2993232840000001,-0.003528104920478461
2025-09-24,51962.0,0.0,0.0,51962.0,51962.0,0.0,41.0,51962.0,0.0,1051962.0,4.1e-05,0.051962,0.0,2.5506637006836823,3.16,436871,2.280999999959022,1380514.641,0.380514641,0.02166178043939837,-328552.64100000006,-0.328552641,-0.02162078043939837
2025-09-25,61762.0,-7000.000000000001,0.0,54762.0,61762.0,-7000.000000000001,2800.0,54762.0,0.0,1054762.0,0.0028,0.054762,0.0,3.212228517729281,3.211,436871,2.280999999959022,1402795.062,0.4027950619999998,0.01613921383974648,-348033.0619999999,-0.34803306199999984,-0.01333921383974648
2025-09-26,61762.0,-10710.0,0.0,51052.0,61762.0,-10710.0,-3710.0,51052.0,-3710.0,1051052.0,-0.00371,0.051052,-0.00371,1.5988677237434767,3.129,436871,2.280999999959022,1366971.64,0.3669716399999998,-0.025537174296098253,-315919.6399999999,-0.31591963999999984,0.02182717429609825
2025-09-29,61762.0,-5459.999999999999,0.0,56302.0,61762.0,-5459.999999999999,5250.0,56302.0,0.0,1056302.0,0.00525,0.056302,0.0,2.532816226860222,3.213,436871,2.280999999959022,1403668.804,0.40366880400000005,0.026845592787865025,-347366.804,-0.34736680400000003,-0.021595592787865023
2025-09-30,61762.0,-4760.0,0.0,57002.0,61762.0,-4760.0,700.0,57002.0,0.0,1057002.0,0.0007,0.057002,0.0,2.667800081551875,3.217,436871,2.280999999959022,1405416.288,0.40541628799999985,0.0012449403983476603,-348414.28799999994,-0.34841428799999985,-0.0005449403983476604
2025-10-09,61762.0,-1295.0,0.0,60467.0,61762.0,-1295.0,3465.0,60467.0,0.0,1060467.0,0.003465,0.060467,0.0,3.265957494537787,3.235,436871,2.280999999959022,1413279.966,0.41327996599999994,0.005595266019857048,-352812.966,-0.35281296599999995,-0.002130266019857048
2025-10-10,61762.0,-4270.000000000001,0.0,57492.0,61762.0,-4270.000000000001,-2975.0,57492.0,-2975.0,1057492.0,-0.002975,0.057492,-0.002975,2.453732913373245,3.095,436871,2.280999999959022,1352118.026,0.3521180260000001,-0.043276591667188447,-294626.02600000007,-0.2946260260000001,0.04030159166718845
2025-10-13,61762.0,-6020.0,0.0,55742.0,61762.0,-6020.0,-1750.0,55742.0,-4725.0,1055742.0,-0.00175,0.055742,-0.004725,2.0256515049459396,3.054,436871,2.280999999959022,1334206.315,0.33420631499999987,-0.01324715051169667,-278464.31499999994,-0.27846431499999985,0.01149715051169667
2025-10-14,61762.0,-14280.000000000002,0.0,47482.0,61762.0,-14280.000000000002,-8260.0,47482.0,-12985.0,1047482.0,-0.00826,0.047482,-0.012985,0.24433336302858089,2.934,436871,2.280999999959022,1281781.795,0.2817817949999999,-0.03929266366873707,-234299.79499999993,-0.2342997949999999,0.03103266366873707
2025-10-15,61762.0,-4690.0,0.0,57072.0,61762.0,-4690.0,9590.0,57072.0,-3395.0,1057072.0,0.00959,0.057072,-0.003395,1.410716934422079,3.003,436871,2.280999999959022,1311925.894,0.31192589400000004,0.02351734056263477,-254853.8940000001,-0.254853894,-0.01392734056263477
2025-10-16,61762.0,-2870.0000000000005,0.0,58892.0,61762.0,-2870.0000000000005,1820.0,58892.0,-1575.0,1058892.0,0.00182,0.058892,-0.001575,1.6341743809562579,3.014,436871,2.280999999959022,1316731.4749999999,0.3167314749999999,0.0036629972942661126,-257839.47499999986,-0.2578394749999999,-0.0018429972942661126
2025-10-17,61762.0,-8330.0,0.0,53432.0,61762.0,-8330.0,-5460.0,53432.0,-7035.0,1053432.0,-0.00546,0.053432,-0.007035,0.8840009896338014,2.915,436871,2.280999999959022,1273481.246,0.273481246,-0.032846658427451825,-220049.24600000004,-0.220049246,0.027386658427451825
2025-10-20,61762.0,-700.0000000000001,0.0,61062.0,61762.0,-700.0000000000001,7630.0,61062.0,0.0,1061062.0,0.00763,0.061062,0.0,1.6478341921547033,2.971,436871,2.280999999959022,1297946.0219999999,0.29794602199999987,0.019210943291739557,-236884.02199999988,-0.23688402199999986,-0.011580943291739558
2025-10-21,61762.0,-35.0,0.0,61727.0,61762.0,-35.0,665.0,61727.0,0.0,1061727.0,0.000665,0.061727,0.0,1.7205301382033473,3.062,436871,2.280999999959022,1337701.2829999998,0.3377012829999999,0.030629363876581772,-275974.2829999998,-0.27597428299999993,-0.029964363876581773
2025-10-22,61762.0,0.0,0.0,61762.0,61762.0,0.0,35.0,61762.0,0.0,1061762.0,3.5e-05,0.061762,0.0,1.7244111146192282,3.039,436871,2.280999999959022,1327653.25,0.32765325,-0.007511417629401995,-265891.25,-0.26589125,0.0075464176294019955
2025-10-23,69199.0,-5438.999999999999,0.0,63760.0,69199.0,-5438.999999999999,1998.0,63760.0,0.0,1063760.0,0.001998,0.06376,0.0,1.9295035599826773,3.038,436871,2.280999999959022,1327216.379,0.327216379,-0.00032905504505786887,-263456.37899999996,-0.263456379,0.002327055045057869
2025-10-24,69199.0,-3071.0,0.0,66128.0,69199.0,-3071.0,2368.0,66128.0,0.0,1066128.0,0.002368,0.066128,0.0,2.130847278635169,3.147,436871,2.280999999959022,1374835.318,0.3748353179999999,0.03587880601343896,-308707.31799999997,-0.3087073179999999,-0.033510806013438955
2025-10-27,69199.0,-2516.0,0.0,66683.0,69199.0,-2516.0,555.0,66683.0,0.0,1066683.0,0.000555,0.066683,0.0,2.185658149788797,3.209,436871,2.280999999959022,1401921.32,0.40192132,0.019701270141505134,-335238.32000000007,-0.33523832000000003,-0.019146270141505134
2025-10-28,69199.0,-2479.0,0.0,66720.0,69199.0,-2479.0,37.0,66720.0,0.0,1066720.0,3.7e-05,0.06672,0.0,2.161738901901063,3.205,436871,2.280999999959022,1400173.836,0.4001738359999998,-0.0012464922068523565,-333453.8359999999,-0.3334538359999998,0.0012834922068523564
2025-10-29,69199.0,-2331.0,0.0,66868.0,69199.0,-2331.0,148.0,66868.0,0.0,1066868.0,0.000148,0.066868,0.0,2.166791096744009,3.3,436871,2.280999999959022,1441676.5809999998,0.44167658099999985,0.02964113735946139,-374808.5809999998,-0.37480858099999986,-0.02949313735946139
2025-10-30,69199.0,-2885.9999999999995,0.0,66313.0,69199.0,-2885.9999999999995,-555.0,66313.0,-555.0,1066313.0,-0.000555,0.066313,-0.000555,2.1328994016093143,3.239,436871,2.280999999959022,1415027.45,0.41502744999999996,-0.018484819238386296,-348714.44999999995,-0.34871444999999995,0.017929819238386296
2025-10-31,69199.0,-2516.0,0.0,66683.0,69199.0,-2516.0,370.0,66683.0,-185.0,1066683.0,0.00037,0.066683,-0.000185,2.2075098952923646,3.166,436871,2.280999999959022,1383135.8669999999,0.3831358669999998,-0.022537783984331927,-316452.86699999985,-0.3164528669999998,0.022907783984331926
2025-11-03,69199.0,-1664.9999999999998,0.0,67534.0,69199.0,-1664.9999999999998,851.0,67534.0,0.0,1067534.0,0.000851,0.067534,0.0,2.2658648289993986,3.176,436871,2.280999999959022,1387504.577,0.38750457700000007,0.003158554487836307,-319970.57700000005,-0.3199705770000001,-0.002307554487836307
2025-11-04,69199.0,-2442.0,0.0,66757.0,69199.0,-2442.0,-777.0,66757.0,-777.0,1066757.0,-0.000777,0.066757,-0.000777,2.1668487601482833,3.112,436871,2.280999999959022,1359544.833,0.3595448330000002,-0.020151100373631325,-292787.8330000001,-0.29278783300000016,0.019374100373631326
2025-11-05,69199.0,-2072.0,0.0,67127.0,69199.0,-2072.0,370.0,67127.0,-407.0,1067127.0,0.00037,0.067127,-0.000407,2.20165805380498,3.142,436871,2.280999999959022,1372650.963,0.3726509629999999,0.009640086653913249,-305523.963,-0.3055239629999999,-0.009270086653913249
2025-11-06,69199.0,-1295.0,0.0,67904.0,69199.0,-1295.0,777.0,67904.0,0.0,1067904.0,0.000777,0.067904,0.0,2.2743923010510225,3.201,436871,2.280999999959022,1398426.352,0.398426352,0.01877781730008521,-330522.35199999996,-0.33052235199999996,-0.01800081730008521
2025-11-07,69199.0,-1110.0,0.0,68089.0,69199.0,-1110.0,185.0,68089.0,0.0,1068089.0,0.000185,0.068089,0.0,2.2947425093149563,3.185,436871,2.280999999959022,1391436.416,0.3914364159999999,-0.004998429835080809,-323347.41599999997,-0.3233474159999999,0.005183429835080809
2025-11-10,69199.0,-629.0,0.0,68570.0,69199.0,-629.0,481.0,68570.0,0.0,1068570.0,0.000481,0.06857,0.0,2.3472289058434015,3.158,436871,2.280999999959022,1379640.899,0.379640899,-0.008477223151819535,-311070.899,-0.31107089899999996,0.008958223151819536
2025-11-11,69199.0,-887.9999999999999,0.0,68311.0,69199.0,-887.9999999999999,-259.0,68311.0,-259.0,1068311.0,-0.000259,0.068311,-0.000259,2.3014913311329477,3.113,436871,2.280999999959022,1359981.704,0.35998170399999996,-0.014249501456683134,-291670.7039999999,-0.29167070399999995,0.013990501456683133
2025-11-12,69199.0,-629.0,0.0,68570.0,69199.0,-629.0,259.0,68570.0,0.0,1068570.0,0.000259,0.06857,0.0,2.324293335512533,3.108,436871,2.280999999959022,1357797.349,0.35779734899999993,-0.0016061649899961061,-289227.34899999993,-0.2892273489999999,0.0018651649899961062
2025-11-13,69199.0,-332.99999999999994,0.0,68866.0,69199.0,-332.99999999999994,296.0,68866.0,0.0,1068866.0,0.000296,0.068866,0.0,2.3511346279291208,3.182,436871,2.280999999959022,1390125.8029999998,0.3901258029999999,0.02380948381126924,-321259.80299999984,-0.3212598029999999,-0.023513483811269238
2025-11-14,69199.0,-665.9999999999999,0.0,68533.0,69199.0,-665.9999999999999,-333.0,68533.0,-333.0,1068533.0,-0.000333,0.068533,-0.000333,2.313923759696831,3.093,436871,2.280999999959022,1351244.284,0.3512442840000001,-0.02796978440087261,-282711.284,-0.28271128400000006,0.02763678440087261
2025-11-17,69199.0,-332.99999999999994,0.0,68866.0,69199.0,-332.99999999999994,333.0,68866.0,0.0,1068866.0,0.000333,0.068866,0.0,2.344770118847334,3.084,436871,2.280999999959022,1347312.445,0.347312445,-0.0029097914023071825,-278446.44500000007,-0.27844644500000004,0.0032427914023071824
2025-11-18,69199.0,-443.99999999999994,0.0,68755.0,69199.0,-443.99999999999994,-111.0,68755.0,-111.0,1068755.0,-0.000111,0.068755,-0.000111,2.3324475196895404,3.051,436871,2.280999999959022,1332895.702,0.33289570200000007,-0.010700370989299435,-264140.70200000005,-0.26414070200000006,0.010589370989299435
2025-11-19,69199.0,-221.99999999999997,0.0,68977.0,69199.0,-221.99999999999997,222.0,68977.0,0.0,1068977.0,0.000222,0.068977,0.0,2.3568539143538745,3.057,436871,2.280999999959022,1335516.9279999998,0.3355169279999999,0.001966564972838203,-266539.92799999984,-0.26653992799999987,-0.0017445649728382029
2025-11-20,69199.0,-110.99999999999999,0.0,69088.0,69199.0,-110.99999999999999,111.0,69088.0,0.0,1069088.0,0.000111,0.069088,0.0,2.3578439042877783,3.026,436871,2.280999999959022,1321973.927,0.32197392699999994,-0.010140643458770082,-252885.9269999999,-0.25288592699999995,0.010251643458770082
2025-11-21,69199.0,-1184.0,0.0,68015.0,69199.0,-1184.0,-1073.0,68015.0,-1073.0,1068015.0,-0.001073,0.068015,-0.001073,2.235667062963124,2.904,436871,2.280999999959022,1268675.665,0.26867566499999995,-0.04031718093030123,-200660.66500000004,-0.20066066499999996,0.039244180930301235
2025-11-24,69199.0,-221.99999999999997,0.0,68977.0,69199.0,-221.99999999999997,962.0,68977.0,-111.0,1068977.0,0.000962,0.068977,-0.000111,2.338785941913081,2.908,436871,2.280999999959022,1270423.149,0.270423149,0.001377407991821178,-201446.14899999998,-0.20144614899999996,-0.00041540799182117794
2025-11-25,69199.0,-37.0,0.0,69162.0,69199.0,-37.0,185.0,69162.0,0.0,1069162.0,0.000185,0.069162,0.0,2.36472950185025,2.961,436871,2.280999999959022,1293577.312,0.2935773119999998,0.01822555187082786,-224415.31199999992,-0.2244153119999998,-0.01804055187082786
2025-11-26,69199.0,0.0,0.0,69199.0,69199.0,0.0,37.0,69199.0,0.0,1069199.0,3.7e-05,0.069199,0.0,2.3631879102943096,3.027,436871,2.280999999959022,1322410.798,0.32241079799999994,0.02228972766646664,-253211.79799999995,-0.25321179799999993,-0.022252727666466642
2025-11-27,73565.0,-4625.0,0.0,68940.0,73565.0,-4625.0,-259.0,68940.0,-259.0,1068940.0,-0.000259,0.06894,-0.000259,2.3287714474297747,3.012,436871,2.280999999959022,1315857.733,0.3158577330000001,-0.004955392840039319,-246917.733,-0.24691773300000008,0.004696392840039319
2025-11-28,73565.0,-2885.9999999999995,0.0,70679.0,73565.0,-2885.9999999999995,1739.0,70679.0,0.0,1070679.0,0.001739,0.070679,0.0,2.4180712070410664,3.035,436871,2.280999999959022,1325905.766,0.325905766,0.007636108940965558,-255226.76600000006,-0.255226766,-0.005897108940965558
2025-12-01,73565.0,-2257.0,0.0,71308.0,73565.0,-2257.0,629.0,71308.0,0.0,1071308.0,0.000629,0.071308,0.0,2.477080196673,3.073,436871,2.280999999959022,1342506.8639999998,0.34250686399999974,0.012520571541130066,-271198.8639999998,-0.27119886399999976,-0.011891571541130066
2025-12-02,73565.0,-2331.0,0.0,71234.0,73565.0,-2331.0,-74.0,71234.0,-74.0,1071234.0,-7.4e-05,0.071234,-7.4e-05,2.292867083751236,3.052,436871,2.280999999959022,1333332.573,0.3333325730000001,-0.006833701373164636,-262098.5730000001,-0.26209857300000006,0.006759701373164635
2025-12-03,73565.0,-2331.0,0.0,71234.0,73565.0,-2331.0,0.0,71234.0,-74.0,1071234.0,0.0,0.071234,-7.4e-05,2.395113728927199,3.019,436871,2.280999999959022,1318915.83,0.3189158300000001,-0.01081256341586434,-247681.83000000007,-0.2476818300000001,0.01081256341586434
2025-12-04,73565.0,-1591.0,0.0,71974.0,73565.0,-1591.0,740.0,71974.0,0.0,1071974.0,0.00074,0.071974,0.0,2.5072890722254777,3.051,436871,2.280999999959022,1332895.702,0.33289570200000007,0.010599517938912006,-260921.70200000005,-0.2609217020000001,-0.009859517938912007
2025-12-05,73565.0,-925.0,0.0,72640.0,73565.0,-925.0,666.0,72640.0,0.0,1072640.0,0.000666,0.07264,0.0,2.873159919077041,3.089,436871,2.280999999959022,1349496.8,0.34949680000000005,0.012454911494643062,-276856.80000000005,-0.27685680000000007,-0.011788911494643062
2025-12-08,73565.0,-665.9999999999999,0.0,72899.0,73565.0,-665.9999999999999,259.0,72899.0,0.0,1072899.0,0.000259,0.072899,0.0,2.5088103107805626,3.171,436871,2.280999999959022,1385320.2219999998,0.3853202219999998,0.026545762835450848,-312421.22199999983,-0.31242122199999983,-0.02628676283545085
2025-12-09,73565.0,-592.0,0.0,72973.0,73565.0,-592.0,74.0,72973.0,0.0,1072973.0,7.4e-05,0.072973,0.0,2.448372323116369,3.188,436871,2.280999999959022,1392747.029,0.39274702900000014,0.005361076003985721,-319774.0290000001,-0.3197740290000001,-0.0052870760039857205
2025-12-10,73565.0,-443.99999999999994,0.0,73121.0,73565.0,-443.99999999999994,148.0,73121.0,0.0,1073121.0,0.000148,0.073121,0.0,2.4793027488437103,3.192,436871,2.280999999959022,1394494.513,0.39449451299999994,0.0012547030893719224,-321373.51300000004,-0.32137351299999994,-0.0011067030893719225
2025-12-11,73565.0,-740.0,0.0,72825.0,73565.0,-740.0,-296.0,72825.0,-296.0,1072825.0,-0.000296,0.072825,-0.000296,2.4035642345740644,3.146,436871,2.280999999959022,1374398.447,0.3743984469999999,-0.014411003996542826,-301573.4469999999,-0.3015734469999999,0.014115003996542827
2025-12-12,73565.0,-407.0,0.0,73158.0,73565.0,-407.0,333.0,73158.0,0.0,1073158.0,0.000333,0.073158,0.0,2.4179177122430393,3.174,436871,2.280999999959022,1386630.835,0.38663083500000006,0.00890017594730308,-313472.83499999996,-0.31347283500000006,-0.00856717594730308
2025-12-15,73565.0,-518.0,0.0,73047.0,73565.0,-518.0,-111.0,73047.0,-111.0,1073047.0,-0.000111,0.073047,-0.000111,2.3819934851203257,3.12,436871,2.280999999959022,1363039.801,0.363039801,-0.017013204527504988,-289992.801,-0.289992801,0.016902204527504988
2025-12-16,73565.0,-665.9999999999999,0.0,72899.0,73565.0,-665.9999999999999,-148.0,72899.0,-259.0,1072899.0,-0.000148,0.072899,-0.000259,2.3744193926406023,3.06,436871,2.280999999959022,1336827.541,0.3368275409999999,-0.019230737048741564,-263928.54099999997,-0.2639285409999999,0.019082737048741565
2025-12-17,73565.0,-259.0,0.0,73306.0,73565.0,-259.0,407.0,73306.0,0.0,1073306.0,0.000407,0.073306,0.0,2.420228480771137,3.164,436871,2.280999999959022,1382262.125,0.382262125,0.033986870113412726,-308956.125,-0.308956125,-0.03357987011341273
2025-12-18,73565.0,-221.99999999999997,0.0,73343.0,73565.0,-221.99999999999997,37.0,73343.0,0.0,1073343.0,3.7e-05,0.073343,0.0,2.41047012069067,3.092,436871,2.280999999959022,1350807.413,0.35080741299999985,-0.022755967505078023,-277464.41299999994,-0.27746441299999985,0.022792967505078022
2025-12-19,73565.0,-110.99999999999999,0.0,73454.0,73565.0,-110.99999999999999,111.0,73454.0,0.0,1073454.0,0.000111,0.073454,0.0,2.413757058450755,3.107,436871,2.280999999959022,1357360.4780000001,0.35736047800000015,0.004851220786127097,-283906.4780000001,-0.28390647800000013,-0.004740220786127097
2025-12-22,73565.0,-110.99999999999999,0.0,73454.0,73565.0,-110.99999999999999,0.0,73454.0,0.0,1073454.0,0.0,0.073454,0.0,2.413757058450755,3.175,436871,2.280999999959022,1387067.7059999998,0.38706770599999984,0.02188602694825148,-313613.7059999998,-0.3136137059999998,-0.02188602694825148
2025-12-23,73565.0,-37.0,0.0,73528.0,73565.0,-37.0,74.0,73528.0,0.0,1073528.0,7.4e-05,0.073528,0.0,2.412849235752197,3.185,436871,2.280999999959022,1391436.416,0.3914364159999999,0.003149601119759815,-317908.41599999997,-0.3179084159999999,-0.003075601119759815
2025-12-24,73565.0,0.0,0.0,73565.0,73565.0,0.0,37.0,73565.0,0.0,1073565.0,3.7e-05,0.073565,0.0,2.4123942187262086,3.212,436871,2.280999999959022,1403231.933,0.40323193300000004,0.008477223151819535,-329666.93299999996,-0.32966693300000005,-0.008440223151819535
2025-12-25,78597.0,-3943.9999999999995,0.0,74653.0,78597.0,-3943.9999999999995,1088.0,74653.0,0.0,1074653.0,0.001088,0.074653,0.0,2.527564391503221,3.222,436871,2.280999999959022,1407600.643,0.4076006429999999,0.003113319970320161,-332947.6429999999,-0.3329476429999999,-0.002025319970320161
2025-12-26,78597.0,-3978.0,0.0,74619.0,78597.0,-3978.0,-34.0,74619.0,-34.0,1074619.0,-3.4e-05,0.074619,-3.4e-05,2.2311781853672854,3.226,436871,2.280999999959022,1409348.1269999999,0.4093481269999999,0.0012414629168366886,-334729.12699999986,-0.3347291269999999,-0.0012754629168366886
2025-12-29,78597.0,-4352.0,0.0,74245.0,78597.0,-4352.0,-374.0,74245.0,-408.0,1074245.0,-0.000374,0.074245,-0.000408,2.671119116996748,3.205,436871,2.280999999959022,1400173.836,0.4001738359999998,-0.0065095988877700295,-325928.8359999999,-0.3259288359999998,0.006135598887770029
2025-12-30,78597.0,-3535.9999999999995,0.0,75061.0,78597.0,-3535.9999999999995,816.0,75061.0,0.0,1075061.0,0.000816,0.075061,0.0,2.2465215199487014,3.229,436871,2.280999999959022,1410658.74,0.4106587399999999,0.007488287332916732,-335597.74,-0.3355977399999999,-0.006672287332916732
2025-12-31,78597.0,-4182.0,0.0,74415.0,78597.0,-4182.0,-646.0,74415.0,-646.0,1074415.0,-0.000646,0.074415,-0.000646,2.082703245147237,3.186,436871,2.280999999959022,1391873.287,0.3918732869999999,-0.01331679481885173,-317458.287,-0.3174582869999999,0.012670794818851729
